formulario,assign,complier,treat,income_r1,income_r2,rubro,age,education,mobcap,fixcap,land,clustvar
1051033011,0,1,0,1223.1492,1179.9135,1,32,6,80.983139,0,18,33
1051033021,0,0,1,6823.8853,6209.77,1,40,6,,2221.6614,52.5,33
1051033031,0,1,0,3476.3186,2999.1733,1,32,6,414.47122,0,22,33
1051033041,0,1,0,1480.6542,2351.1653,1,41,6,188.72177,0,7,33
1051033061,0,1,0,393.00677,1638.7913,1,53,3,2024.5785,358.33249,50.049999,33
1051033071,0,1,0,748.47595,1040.1201,1,48,6,,59.72208,6,33
1051033081,0,1,0,2575.0508,1328.3207,1,58,4,208.43005,597.22076,22,33
1051033091,0,0,1,2678.053,4398.2002,1,66,0,363.70746,477.77664,40,33
1051033111,0,1,0,836.89154,1387.1619,1,51,0,435.97119,2388.8831,17,33
1051033121,0,0,0,753.28381,1122.9447,1,55,3,131.38858,59.72208,25,33
1051033131,0,0,0,2639.427,2008.9069,1,51,0,653.35956,119.44416,50,33
1051033141,0,0,0,1712.5718,3906.9119,1,48,3,119.44416,477.77664,10,33
1051034011,1,1,1,772.51532,1564.4077,1,28,8,35.833248,0,5,34
1051034021,1,1,1,515.31696,9913.4961,1,60,1,489.72104,131.38858,44,34
1051034041,1,1,1,1158.7728,6784.4575,1,43,0,224.55502,83.610909,23.075001,34
1051034051,1,1,1,2266.0449,1434.5593,1,47,0,2983.1179,1027.2197,30.120001,34
1051034061,1,0,0,1326.1512,2327.7708,1,36,6,155.2774,0,14,34
1051034071,1,1,1,2112.7688,2456.4414,1,55,0,704.72052,1218.3304,24.5,34
1051034081,1,1,1,1120.1471,3158.2817,1,34,4,83.610909,0,7,34
1051034101,1,1,1,566.51123,1567.4437,1,64,0,537.49872,179.16624,35,34
1051034121,1,1,1,2626.552,6024.1309,1,41,1,521.97095,0,8.0039997,34
1051034141,1,1,1,669.51324,1403.6809,1,57,0,123.02748,0,30,34
1051034151,1,1,1,1467.7789,3368.834,1,24,4,245.45775,143.33299,10,34
1051034191,1,0,0,734.43579,1274.0669,1,67,2,37.624908,11.944416,15,34
1051035011,1,1,1,1287.5254,4195.5972,1,29,4,150.49963,358.33249,15,35
1051035021,1,1,1,2060.0408,1869.97,1,46,0,358.33249,477.77664,27.5,35
1051035031,1,1,1,849.76685,4038.5334,1,46,3,46.583221,0,10,35
1051035041,1,0,0,2317.5457,2994.5193,1,26,6,203.05507,0,6,35
1051035051,1,0,0,695.26373,541.64935,1,34,2,165.43016,0,15,35
1051035061,1,1,1,386.25766,1160.6652,1,41,2,56.138756,0,6,35
1051035071,1,0,0,2510.6746,2050.3049,1,60,2,334.44363,0,20.120001,35
1051035081,1,1,1,2420.5479,1684.417,1,63,3,382.22131,59.72208,35,35
1051035091,1,1,1,901.26776,2199.1001,1,29,6,177.49402,0,5.25,35
1051035101,1,1,1,2575.0508,1231.4911,1,38,4,143.33299,0,10,35
1051035111,1,1,1,2549.3005,3323.2083,1,55,6,150.49963,59.72208,42,35
1051035121,1,1,1,849.76685,1878.1151,1,65,3,134.97189,0,20.75,35
1051036011,0,1,0,875.90082,1114.5177,1,49,2,179.16624,0,19.5,36
1051036021,0,1,0,669.51324,2456.4414,1,45,1,128.99969,0,16.5,36
1051036031,0,1,0,824.01624,,1,61,0,224.55502,0,6,36
1051036041,0,1,0,1963.4764,1869.97,1,59,2,334.44363,716.66498,33,36
1051036051,1,1,1,1030.0204,851.15729,1,50,3,302.19373,1433.33,27,36
1051036061,0,1,0,4248.834,6667.4844,1,32,4,134.97189,481.17645,14,36
1051036071,0,0,1,1287.5254,906.07227,1,39,6,157.66629,250.83273,60,36
1051036081,0,1,0,695.26373,1005.9183,1,39,3,35.833248,0,10.5,36
1051036091,0,0,0,309.15952,409.40689,1,47,2,48.972103,0,15,36
1051036101,0,0,0,746.76477,,1,31,6,143.33299,1194.4415,18,36
1051036111,0,0,0,2446.2983,1099.55,1,44,4,25.083273,0,10,36
1051036121,0,1,0,1287.5254,954.32666,1,62,0,360.12415,23.888832,14,36
1051037011,1,1,1,515.2403,3674.1284,1,58,4,119.44416,119.44416,25,37
1051037021,1,0,0,2858.3066,928.53778,1,33,0,83.610909,3666.9355,27.25,37
1051037041,1,0,0,786.01355,337.11612,1,60,0,206.6384,0,26.35,37
1051037051,1,0,0,0,748.62982,1,43,4,238.88832,477.77664,6.25,37
1051037071,1,1,1,4815.3452,5228.7109,1,51,0,525.55432,238.88832,13,37
1051037081,1,1,1,757.06494,1462.1676,1,35,0,211.41615,298.61038,5.5,37
1051037101,1,0,0,669.51324,283.71912,1,35,5,512.41547,4204.4346,35,37
1051037111,1,0,0,1596.5316,2386.2573,1,49,3,220.97169,1146.6639,30,37
1051037121,1,1,1,1738.1593,3380.5315,1,54,0,336.83252,0,72.5,37
1051037141,1,1,1,770.0321,1830.6339,1,29,3,167.22182,179.16624,7.75,37
1051037151,1,1,1,1133.0225,1855.0554,1,53,0,137.36078,23.888832,16,37
1051037161,1,1,1,978.51935,1147.7709,1,28,1,119.44416,146.8475,12,37
1051038011,0,0,0,316.73126,1733.5459,1,36,7,2247.3418,597.22076,10.5,38
1051038021,1,1,1,540.99078,3626.1755,1,57,1,549.44312,238.88832,67.5,38
1051038031,0,1,0,257.88855,451.37448,1,53,0,453.88779,47.777664,33.5,38
1051038041,0,1,0,965.87421,749.21155,1,33,11,51.360989,0,7,38
1051038051,0,0,0,357.41046,1644.1683,1,58,3,243.66608,501.66547,91,38
1051038061,0,0,0,592.56848,490.05771,1,58,0,83.610909,143.33299,8,38
1051038091,0,0,0,695.26373,943.27106,1,53,6,468.81833,991.38654,36,38
1051038121,0,0,0,1068.7996,1465.4379,1,52,3,1796.4402,4753.8774,12,38
1051038131,0,1,0,502.21161,1450.4702,1,34,8,128.40247,23.888832,14,38
1051038141,0,1,0,1738.1593,2152.3108,1,50,2,220.97169,179.16624,28,38
1051038161,0,0,0,798.3808,2490.5906,1,56,0,47.777664,179.16624,30,38
1051038171,0,0,0,508.80264,270.82468,1,51,3,11.944416,0,16,38
1051039031,0,0,0,89.352615,765.41687,1,64,0,124.81915,155.2774,18,39
1051039051,0,1,0,1030.097,1128.3218,1,47,0,738.16492,59.72208,34,39
1051039061,0,0,0,2575.0508,3497.5049,1,50,6,969.88654,8838.8682,50.5,39
1051039071,1,1,1,927.24841,1274.0669,1,34,4,366.69357,11.944416,7,39
1051039081,0,0,1,1313.276,1972.0288,1,45,0,341.3714,489.72104,15,39
1051039091,0,1,0,1163.923,4795.9097,1,44,6,119.44416,1626.0669,5.25,39
1051039101,0,0,1,1712.4089,2526.6255,1,42,0,285.47153,1264.1156,54,39
1051039111,0,0,0,9888.1953,2409.6521,1,29,0,2121.3281,3641.0542,12,39
1051039131,0,1,0,772.51532,1005.9713,1,60,0,220.97169,1431.3374,23,39
1051039141,0,0,1,1957.0387,1576.8015,1,42,7,266.36047,1192.4491,12,39
1051039151,1,1,1,2124.417,818.81378,1,52,2,194.69398,1192.4491,8,39
1051039161,0,0,1,940.047,5029.8564,1,25,7,28.666597,1228.2823,10.018,39
1052052011,1,1,1,6696.7417,22671.199,2,49,2,674.8595,5253.5503,26,52
1052052021,1,0,0,11673.479,24336.318,2,51,7,4179.3511,4178.5532,200.022,52
1052052041,1,1,1,2829.0798,5601.6226,2,32,0,95.555328,47.777664,31,52
1052052051,1,1,1,29174.295,92004.078,2,55,2,11908.583,13912.855,206.036,52
1052052071,1,0,0,10996.755,11741.205,2,42,3,95.555328,418.05457,20,52
1052052081,1,0,0,6870.6221,75143.719,2,44,6,9192.4229,12780.525,97.035004,52
1052052101,1,0,0,15978.19,11100.776,2,44,11,609.16522,5076.377,60.028801,52
1052052111,1,1,0,16072.181,,2,36,6,385.80463,119.44416,62.063999,52
1052052121,1,0,0,18407.814,23640.385,2,59,0,1787.4818,2866.6599,63,52
1052052131,1,1,1,10503.311,22671.199,2,62,4,489.72104,549.44312,39.5,52
1052052141,1,0,0,13816.437,2267.1201,2,51,4,1851.3844,2866.6599,40.099998,52
1052052151,1,0,0,5836.7393,4269.5293,2,53,0,439.5545,2627.7715,72,52
1052053011,0,0,0,5169.415,4179.8691,2,42,6,648.58179,0,10.03,53
1052053021,0,1,0,13628.457,13602.721,2,39,5,7156.4966,3738.6021,26.75,53
1052053031,0,0,0,5836.7393,10041.934,2,60,6,549.44312,2866.6599,44,53
1052053041,0,1,0,0,6233.5132,2,38,17,21046.061,1194.4415,100,53
1052053071,0,1,0,6955.2124,6963.603,2,72,0,955.55328,1206.386,22.5,53
1052053111,0,0,0,3195.6382,5247.2515,2,48,1,413.87399,597.22076,50.25,53
1052053121,0,0,0,17505.518,7194.1567,2,74,8,1254.1637,955.55328,65,53
1052053141,0,0,0,9145.1641,8743.9961,2,66,0,346.38806,1194.4415,68.015999,53
1052053161,0,0,0,17505.518,14742.686,2,72,3,3294.8672,6055.8188,100,53
1052053181,0,1,0,10338.83,6378.6763,2,87,0,932.85889,2269.439,50,53
1052053191,0,1,0,11673.479,13218.462,2,52,5,2477.2717,8181.9248,48,53
1052053201,0,1,0,11673.479,18068.648,2,50,5,889.85895,0,49.25,53
1052054011,1,1,1,23967.287,24677.879,2,58,6,3782.7964,6927.7612,85,54
1052054021,1,0,0,21659.848,8030.9844,2,34,11,461.05444,3463.8806,50,54
1052054051,1,1,1,2725.6914,10302.373,2,55,3,107.49974,1552.774,43,54
1052054061,1,0,0,6226.7944,16322.41,2,41,0,280.69379,119.44416,11.75,54
1052054071,1,0,0,4323.5107,13145.881,2,39,5,363.70746,238.88832,35,54
1052055011,1,1,1,66657.25,117228.47,2,38,16,11738.972,8958.3115,145.0634,55
1052055021,1,0,0,7171.3887,9819.918,2,53,9,1730.7458,2986.104,29.75,55
1052055031,1,1,1,6344.2817,5183.2085,2,20,4,334.44363,5972.208,70,55
1052055051,1,1,1,23342.258,9068.4805,2,50,14,4036.6152,7262.2046,18,55
1052055061,1,0,0,7002.207,11920.527,2,34,9,678.44281,1194.4415,0.5,55
1052055071,1,1,1,18191.641,20920.693,2,73,6,2307.6611,1074.9974,105.25,55
1052055081,1,1,1,7049.2021,20079.598,2,36,8,131.38858,2388.8831,30,55
1052055091,1,1,1,12688.563,17078.117,2,35,11,203.05507,836.10913,28,55
1052055101,1,1,1,14098.404,15797.258,2,47,6,71.666496,4013.3237,26,55
1052055111,1,1,1,14587.147,19567.252,2,57,3,2344.6887,1694.9126,124,55
1052055121,1,1,1,17505.518,24451.594,2,44,16,4923.4883,716.66498,66.25,55
1052055131,1,0,0,17505.518,8227.3838,2,60,0,1272.0803,1397.4967,127,55
1052056011,0,1,0,15038.298,52459.703,2,80,0,214.99948,573.33197,272.28,56
1052056031,0,1,0,17505.518,23640.385,2,75,0,1610.7045,716.66498,50,56
1052056051,0,0,0,12904.738,3112.4871,2,41,9,105.70808,214.99948,30,56
1052056061,0,0,0,7067.9995,11207.515,2,36,4,370.27689,238.88832,30,56
1052056091,0,1,0,7636.6353,13931.473,2,38,6,656.94287,7047.2056,23,56
1052056101,0,1,0,11118.94,7317.9727,2,61,0,116.45805,71.666496,35,56
1052056111,0,1,0,6574.5552,8743.9961,2,31,16,2818.8821,4180.5454,70.0625,56
1052056131,0,1,0,12218.616,5247.2515,2,54,4,174.38847,358.33249,72,56
1052056141,0,1,0,11673.479,20079.598,2,63,3,2895.3264,836.10913,70,56
1052056151,0,1,0,16918.084,21859.99,2,31,4,376.24908,716.66498,151,56
1052056161,0,1,0,10437.518,23640.385,2,40,11,90.777557,1074.9974,33,56
1052056181,0,1,0,20875.035,13115.994,2,56,0,1083.3585,4359.7119,160,56
1102034011,0,1,0,14568.351,15301.993,2,45,6,1636.385,298.61038,60.5,34
1102034031,0,1,0,7989.0952,14217.533,2,63,0,613.94299,5079.2031,51.25,34
1102034041,0,1,0,23262.367,14516.4,2,44,6,7467.6489,2747.2156,46.119999,34
1102034081,0,1,0,21659.848,20079.598,2,47,0,173.19403,119.44416,45.5,34
1102041021,1,1,1,11020.253,7685.1528,2,69,4,5598.3477,3762.491,112.042,41
1102041031,1,0,0,9511.7227,4342.1113,2,55,9,9889.9766,23411.055,7.5045547,41
1102041041,1,0,0,6109.3081,4837.3765,2,41,2,65.69429,836.10913,6.5,41
1102041051,1,1,1,6861.2231,13833.275,2,42,6,358.33249,346.38806,20.5,41
1102041061,1,0,0,3759.5745,9478.3555,2,28,9,262.77716,95.555328,19,41
1102041071,1,1,1,10808.776,28605.848,2,59,4,5046.5156,3965.0872,98.800003,41
1102041091,1,0,0,84590.422,87439.961,2,63,0,14590.104,8898.5898,218,41
1102041101,1,1,1,5169.415,8184.688,2,47,3,808.03973,6528.248,83,41
1102041111,1,1,1,12218.616,19853.313,2,34,7,191.11066,8666.2988,20,41
1102041131,1,1,1,3853.5637,19639.836,2,50,4,3101.6064,14996.839,211.75,41
1102041151,1,1,1,6344.2817,6489.6841,2,44,6,1266.108,6934.3579,106.75,41
1102041161,1,1,1,4229.521,4013.3577,2,43,4,911.35895,22450.154,50.25,41
1102043031,1,1,1,9206.2578,12441.408,2,65,0,2304.0779,13360.454,107,43
1102043041,1,0,0,6485.2656,10221.253,2,30,6,771.60925,6277.415,20,43
1102043051,1,1,1,7519.1489,9337.4609,2,64,0,1815.5511,8307.9658,130,43
1102043061,1,0,0,10437.518,2591.6042,2,36,6,409.69345,5925.0547,30.75,43
1102043071,1,1,1,11673.479,12048.612,2,47,0,2269.439,126103.8,40.5,43
1102043081,1,0,0,3007.6594,4696.4824,2,28,2,2156.5642,5847.416,16.25,43
1102043091,1,0,0,7754.1216,10887.3,2,68,4,961.52545,6814.9141,30,43
1102043101,1,1,1,5836.7393,13235.541,2,61,2,2018.6063,5883.2495,65,43
1102043111,1,0,0,7049.2021,7317.9727,2,73,0,358.33249,6396.8594,16,43
1102043131,1,1,1,17740.492,8897.6992,2,46,11,4381.8091,12596.011,120,43
1102043151,1,0,0,6226.7944,4145.7129,2,55,4,,5799.6387,27.25,43
1102043161,1,1,1,9145.1641,27043.201,2,88,0,1373.0106,14507.118,101.5946,43
1102045011,0,1,0,33366.223,18572.453,2,70,4,1015.2753,1800.7096,80,45
1102045031,0,1,0,17388.031,12808.588,2,44,8,1598.1628,4299.9897,60,45
1102045041,0,1,0,12218.616,11028.193,2,57,0,1035.5808,1122.7751,60,45
1102045061,0,0,0,5836.7393,7672.3442,2,57,0,1090.5251,1612.4961,47,45
1102045071,0,1,0,4934.4414,6404.2939,2,67,9,31184.48,11526.361,96.089996,45
1102045081,0,1,0,6109.3081,14046.751,2,33,11,567.35974,728.60938,38.561699,45
1102045091,0,1,0,9868.8828,12151.081,2,42,6,254.41606,6091.6519,79.5,45
1102045101,0,1,0,5286.9014,14857.962,2,53,6,83.610909,4061.1013,52,45
1102045111,0,1,0,13816.437,15711.867,2,61,3,2134.467,14783.019,60,45
1102045131,0,1,0,3454.1091,11954.683,2,64,0,681.42889,4427.21,30,45
1102045141,0,1,0,24672.205,27922.721,2,76,4,5955.4858,10220.252,140,45
1102045161,0,1,0,17505.518,20079.598,2,39,9,644.99847,8094.146,43,45
1102942011,0,1,0,8106.582,0,2,50,0,545.26257,4634.4331,69,942
1102942021,0,1,0,8694.0156,9990.6982,2,73,1,932.85889,477.77664,20.5,942
1102942031,0,1,0,9398.9355,17364.176,2,59,4,179.16624,358.33249,14,942
1102942041,0,1,0,6461.7681,13115.994,2,66,0,59.72208,836.10913,28.75,942
1102942061,0,1,0,49626.383,23482.41,2,36,6,1534.8574,4491.1006,71,942
1102942081,0,0,0,4323.5107,1297.9369,2,56,0,456.8739,238.88832,5,942
1102942101,0,1,0,16269.559,30740.611,2,74,6,6725.9004,1791.6624,20.011999,942
1102942111,0,0,0,4502.0903,2591.6042,2,59,5,644.99847,0,47.75,942
1102942121,0,1,0,9398.9355,13022.064,2,59,0,366.69357,7644.4263,98,942
1102942131,0,1,0,2580.0078,8030.9844,2,57,0,1086.9419,119.44416,36,942
1102942141,0,1,0,26317.021,,2,71,14,7859.4258,836.10913,130.12,942
1102942151,0,1,1,14098.404,15370.306,2,66,0,394.16571,3822.2131,50.060001,942
1102942171,0,0,1,6344.2817,16437.688,2,62,3,986.60876,3702.7688,76,942
1102942191,0,1,0,3656.1863,5533.3105,2,57,0,950.77551,1493.052,40.5,942
1102942201,0,0,0,4487.9917,2975.8616,2,52,4,364.30469,191.11066,34,942
1102942211,0,1,0,21147.605,42908.77,2,45,11,7529.043,7166.6494,66.047096,942
1102942221,0,1,0,3407.1143,6963.603,2,54,3,1145.4695,4445.3765,32,942
1102942231,0,1,0,8741.0107,8415.2422,2,65,0,2239.5779,4419.4341,8.25,942
1102942251,0,1,0,21617.553,60627.316,2,54,9,7867.7866,4419.4341,120.025,942
1102942261,0,1,0,10437.518,5183.2085,2,31,6,4651.7529,4897.2104,82.059998,942
1102942271,0,0,0,5836.7393,7450.3291,2,51,3,733.38715,453.88779,23.75,942
1102942291,0,1,0,3162.7422,8743.9961,2,40,6,998.55316,143.33299,20,942
1102942301,0,0,1,4511.4893,10503.042,2,46,0,520.17932,238.88832,41.25,942
1102942331,0,1,0,1828.0931,4956.9233,2,64,2,799.08142,2329.1611,16.75,942
1151027011,1,1,1,1628.7197,403.08664,1,36,6,131.38858,0,5.5,27
1151027021,1,0,0,766.0777,1350.2839,1,51,0,262.77716,0,23.120001,27
1151027031,1,0,0,824.01624,1052.7606,1,52,0,93.166443,59.72208,15,27
1151027041,1,1,1,309.0061,270.82468,1,60,2,155.2774,0,6.25,27
1151027051,1,0,0,927.01831,361.09958,1,45,0,41.805454,0,6,27
1151027061,1,0,0,1030.0204,1965.1532,1,30,5,126.61081,0,7,27
1151027071,1,0,0,5253.564,1719.6429,1,65,0,214.99948,23.888832,6.75,27
1151027081,1,0,0,1030.0204,1036.2416,1,63,4,203.05507,0,25,27
1151027091,1,1,1,965.6441,882.67755,1,42,3,203.05507,238.88832,7,27
1151027101,1,0,0,592.26172,1477.4366,1,34,0,137.36078,0,5,27
1151027111,1,0,0,463.50916,1479.2419,1,63,0,119.44416,0,8.25,27
1151027121,1,1,1,856.28589,3249.8403,1,70,1,537.49872,1313.8857,40,27
1151028011,0,1,0,675.95087,4284.0713,1,36,0,119.44416,776.38702,50,28
1151028021,1,1,1,2317.5457,812.46008,1,53,0,120.6386,71.666496,43.5,28
1151028041,0,0,1,1570.781,1000.1226,1,48,0,97.346992,0,9.5,28
1151028051,0,0,1,3605.071,2680.075,1,53,0,11.944416,955.55328,15,28
1151028061,1,1,1,386.25766,1643.4763,1,50,0,7.1666493,0,10,28
1151028071,1,1,1,1158.7728,1099.55,1,65,0,179.16624,0,30,28
1151028091,1,1,1,1158.7728,1122.9447,1,30,4,35.833248,0,20.25,28
1151028101,1,1,1,1236.0244,2205.9756,1,45,6,9.5555325,0,10.12,28
1151028111,1,1,1,566.51123,309.5079,1,50,0,17.916624,0,5,28
1151028121,1,1,1,2523.5498,2397.9548,1,37,2,238.88832,955.55328,35,28
1151028131,1,1,1,2034.4436,8351.9014,1,35,3,176.77736,0,6.25,28
1151028141,0,0,1,1062.2085,1988.548,1,51,0,45.388779,0,19,28
1151029021,1,1,1,2678.053,2842.4536,1,48,3,302.19373,179.16624,15,29
1151029031,0,0,1,1287.9089,3176.1406,1,27,6,250.83273,0,10,29
1151029041,0,0,1,1545.7975,2259.9138,1,55,0,89.583122,59.72208,29,29
1151029051,0,0,1,1493.5295,3158.2817,1,48,3,788.33142,836.10913,60,29
1151029071,1,1,1,2220.9814,2105.5212,1,56,3,1543.2185,501.66547,27,29
1151029091,1,1,1,1030.4038,2023.64,1,41,0,328.47144,35.833248,28,29
1151029101,1,1,1,1091.8215,1146.3394,1,33,3,113.47195,59.72208,13,29
1151029111,0,1,0,1802.5355,1568.6072,1,58,2,238.88832,119.44416,40,29
1151029121,1,1,1,644.14624,1403.6809,1,37,3,238.88832,0,6.25,29
1151029131,1,1,1,1429.1533,3509.2021,1,46,0,125.41637,53.74987,10.5,29
1151029141,1,1,1,1365.0837,3567.689,1,30,0,203.05507,23.888832,7,29
1151029151,1,1,1,2317.5457,1871.5745,1,25,5,131.38858,0,7.25,29
1151030011,1,1,1,675.95087,3918.6091,1,39,4,96.749771,11.944416,10,30
1151030021,1,1,1,2703.8035,4912.8828,1,26,0,250.83273,119.44416,20,30
1151030031,1,1,1,1129.9258,2245.8894,1,30,0,58.527637,0,15,30
1151030051,1,1,1,1277.9098,1052.7606,1,63,0,142.13855,585.27637,31,30
1151030061,1,1,1,4120.0815,1173.5736,1,78,0,169.01349,35.833248,59.5,30
1151030071,1,1,1,3605.071,2105.5212,1,60,0,427.01288,238.88832,40,30
1151030091,1,1,1,4403.3374,902.74896,1,40,2,250.83273,83.610909,31,30
1151030101,1,1,1,11716.481,18715.744,1,60,0,377.44354,418.05457,112,30
1151030111,1,1,1,1480.6542,309.5079,1,47,0,126.13303,0,10,30
1151030141,1,1,1,3218.8137,4795.9097,1,30,0,105.11086,0,6,30
1151030181,1,1,1,2214.7739,1153.215,1,49,0,10.749974,0,6,30
1151030201,1,1,1,2317.5457,4561.9629,1,60,2,642.60956,119.44416,48,30
1151031011,1,1,1,1802.9192,8188.1387,1,42,3,343.40195,1552.774,25,31
1151031021,1,0,0,444.27768,1530.8337,1,57,4,482.55441,2214.2405,10,31
1151031031,1,1,1,592.56848,1764.7805,1,47,2,272.33267,1163.132,20,31
1151031041,1,1,1,1673.7831,1560.462,1,29,16,23.888832,1194.4415,42.75,31
1151031051,1,1,1,3540.6951,6375.0508,1,44,4,370.27689,0,7.5,31
1151031061,1,1,1,579.38641,3860.1223,1,55,0,376.24908,0,10.75,31
1151031081,1,1,1,927.32513,2545.8066,1,60,0,47.777664,0,10.18,31
1151031091,1,1,1,592.26172,762.11298,1,57,3,29.263819,179.16624,5,31
1151031101,1,1,1,1609.4069,1432.4528,1,38,3,205.44395,203.05507,9,31
1151031111,1,1,1,3347.5662,5146.8301,1,48,6,489.72104,1994.7174,23,31
1151031121,1,1,1,505.39444,490.05771,1,67,5,147.51353,83.610909,19,31
1151031131,1,1,1,1158.7728,3719.7544,1,59,2,29.86104,0,5,31
1151032011,1,1,1,1530.6071,4421.5947,1,33,6,907.77557,1015.2753,27.25,32
1151032021,1,1,1,824.01624,2526.6255,1,59,0,418.05457,836.10913,20,32
1151032031,1,1,1,824.01624,2339.468,1,56,6,1722.3848,1039.1642,27,32
1151032051,1,1,1,19209.879,2854.1511,1,54,0,311.15204,59.72208,11,32
1151032061,1,1,1,1365.0837,4386.5024,1,37,4,274.72156,0,15.5,32
1151032071,1,1,1,656.638,1567.4437,1,44,3,160.05518,0,23,32
1151032081,1,1,1,103.00203,5354.0781,1,55,3,745.33154,597.22076,27.5,32
1151032101,1,1,1,1866.912,2596.8096,1,28,4,131.38858,0,6,32
1151032111,1,1,1,1699.5337,2257.5867,1,39,3,441.94339,310.55481,47.5,32
1151032131,1,0,0,1390.5275,4328.0161,1,46,0,334.44363,955.55328,5.5,32
1151032141,1,1,1,669.51324,2000.2452,1,23,7,193.49954,0,5,32
1151032161,1,1,1,837.27502,3332.7988,1,68,0,125.41637,0,11.03,32
1252031031,0,1,0,10902.766,15498.391,2,41,11,1012.8865,19947.174,25,31
1252031051,0,1,0,8928.9893,10759.214,2,70,0,2036.5229,4180.5454,80,31
1252031081,0,1,0,7613.1377,9819.918,2,43,6,152.88852,1493.052,8,31
1252031101,0,1,0,6330.1831,9179.4883,2,63,16,6856.0947,2866.6599,35.07011,31
1252031121,0,1,0,7049.2021,6276.208,2,60,0,806.84528,656.94287,18.5,31
1252031141,0,1,0,17956.664,17035.422,2,58,6,1003.3309,2066.384,120.0108,31
1252031161,0,1,0,14098.404,11954.683,2,48,14,9483.8662,17375.793,200.26717,31
1252032021,0,1,0,18797.871,9819.918,2,45,6,497.48492,1708.0515,21,32
1252032031,0,0,0,29174.295,26898.035,2,68,0,8635.8125,8241.6465,160,32
1252032051,0,1,0,4840.4517,8282.8867,2,54,0,543.47095,1636.385,25.25,32
1252032071,0,1,0,5639.3613,10929.995,2,55,3,673.06781,813.77307,48,32
1252032081,0,1,0,7754.1216,5763.8643,2,59,3,207.83284,1791.6624,34,32
1252032091,0,1,0,15038.298,23055.457,2,85,3,751.30377,2998.0483,120,32
1252032101,0,0,0,5343.2949,7450.3291,2,59,0,2990.8818,8002.7588,40,32
1252032121,0,1,0,8750.4092,14409.662,2,59,0,2771.1045,1074.9974,43,32
1252032141,0,1,0,5836.7393,0,2,53,0,253.22162,6748.5947,149,32
1252032151,0,1,0,4229.521,4342.1113,2,48,7,1248.1914,1684.1626,25,32
1252032171,0,1,0,5836.7393,24297.893,2,87,0,143.33299,2910.3796,12.5,32
1252033011,1,1,1,20442.686,2561.7175,2,72,2,17026.766,776.38702,185,33
1252033012,,,,,,,,,,,,
1252033021,1,1,1,14098.404,33131.547,2,54,2,14439.604,2819.7622,107.25,33
1252033031,1,1,1,5263.4038,5294.2163,2,40,0,21738.836,4658.3223,47,33
1252033041,1,1,1,12030.638,41785.879,2,46,0,26995.574,8134.147,112.75,33
1252033051,1,1,1,5286.9014,8743.9961,2,34,5,1000.942,1373.6078,17,33
1252033071,1,1,1,2819.6807,4696.4824,2,66,0,732.19269,2321.9944,30.25,33
1252033081,1,1,1,7049.2021,5336.9116,2,57,1,7196.5107,1134.7195,30.5,33
1252033091,1,1,1,17505.518,11954.683,2,53,4,7321.9268,1134.7195,53.5,33
1252033101,1,1,1,14098.404,7830.3164,2,57,6,14201.91,10272.197,10,33
1252033111,1,1,1,9868.8828,16523.078,2,52,2,7698.1758,788.33142,30,33
1252033121,1,0,0,5075.4253,5123.4351,2,59,4,465.83221,791.31757,45,33
1252033131,1,1,1,5836.7393,8743.9961,2,51,8,8556.3818,1493.052,10.5,33
1252034051,0,0,0,5639.3613,5657.126,2,67,0,298.61038,1552.774,60,34
1252034061,0,1,0,14098.404,17163.508,2,44,3,1629.2183,2627.7715,77,34
1252034091,0,1,0,10573.803,8197.4961,2,48,2,7274.1494,3583.3247,39.75,34
1252034101,0,0,0,8083.0845,7386.2856,2,54,1,760.85931,1791.6624,55,34
1252034111,0,0,0,6767.2334,61481.223,2,33,6,197.08286,2407.5425,30.5,34
1252034121,0,1,0,35246.012,27751.939,2,38,7,7116.4829,8420.8135,108,34
1252034131,0,1,0,7989.0952,2591.6042,2,69,0,412.08234,238.88832,45,34
1252034141,0,1,0,22792.418,31637.211,2,70,0,3203.4924,12302.748,188,34
1252035011,1,1,1,22562.145,17932.023,2,47,6,7053.1777,1313.8857,56.040001,35
1252035021,1,1,1,2396.7285,4269.5293,2,59,5,7256.2324,4917.3555,25.75,35
1252035031,1,1,1,11278.723,9948.0029,2,64,0,2388.8831,32966.586,258.04401,35
1252035041,1,0,1,9398.9355,6318.9033,2,68,0,11639.833,28905.486,163.75,35
1252035051,1,1,1,16918.084,32661.9,2,51,0,9615.2549,6270.8184,120.125,35
1252035061,1,0,0,4699.4678,15370.306,2,52,0,107.49974,2030.5507,56.125,35
1252035071,1,1,1,12688.563,9452.7383,2,50,0,8097.1196,1194.4415,42.25,35
1252035111,1,1,1,5639.3613,3415.6233,2,55,0,1018.8586,3487.7695,19.25,35
1252035121,1,1,1,27050.137,43549.199,2,50,12,2295.7168,4897.2104,277.39999,35
1252035131,1,1,1,15743.218,25617.176,2,71,0,16101.072,28069.377,104,35
1252035141,1,1,1,14098.404,17505.07,2,61,0,447.91559,453.88779,60,35
1252035151,1,1,1,3759.5745,5336.9116,2,50,3,17.916624,2042.4951,10,35
1304012011,0,0,1,9888.1953,0,3,59,0,16041.351,47.777664,8.75,12
1304012031,0,1,0,0,,3,49,3,13654.856,6211.0962,100,12
1304012071,0,1,0,15064.048,9825.7656,3,44,6,6975.5391,11.944416,11,12
1304012101,0,1,0,29012,0,3,43,7,6903.8726,0,10.03,12
1304012141,0,0,0,1545.0306,350.92023,3,66,0,364.90192,2651.6604,6.25,12
1304012151,0,0,0,0,0,3,71,0,386.99908,11944.416,8.5,12
1304012161,0,0,0,,0,3,52,0,1540.8296,2460.5496,10,12
1304013011,0,1,0,1030.0204,0,3,82,3,904.19226,597.22076,35,13
1304013021,0,1,0,0,0,3,72,0,452.69336,7341.0381,25,13
1304013041,0,1,0,1133.0225,,3,88,0,9669.0049,1791.6624,12,13
1304013051,0,0,0,442.89429,0,3,53,3,7212.0381,3009.9927,30,13
1304013091,0,1,0,515.01019,4386.5024,3,73,2,9095.6729,,88.099998,13
1304013101,0,0,0,,0,3,42,9,7278.9268,14850.527,528.64001,13
1304013111,0,1,0,14203.98,3743.1489,3,53,1,929.27557,5020.2734,18.5,13
1304013121,0,0,1,772.51532,19378.314,3,48,16,34029.641,34475.203,190,13
1304016021,1,0,0,2832.5559,0,3,77,0,1113.4585,7241.9351,17,16
1304016061,1,0,0,4635.0913,0,3,34,3,955.55328,1245.8381,24,16
1304016071,1,1,1,1609.4069,9650.3066,3,46,0,286.66599,672.50616,7,16
1304016081,1,0,0,0,0,3,37,0,573.33197,433.61783,13.5,16
1304016091,1,1,1,28969.324,1403.6809,3,77,6,6742.6226,732.22821,60,16
1304016101,1,1,1,6566.3794,0,3,37,4,1077.3864,0,5,16
1304016111,1,0,0,1236.0244,0,3,38,4,2551.3271,1731.9403,13,16
1304016121,1,0,0,,,3,70,0,9292.7559,19349.953,70,16
1304016141,1,1,1,2703.8035,29243.352,3,58,4,6784.4282,9101.6445,23,16
1304016151,1,1,1,1030.0204,1722.517,3,50,0,531.52649,3583.3247,11.5,16
1304016161,1,0,0,6759.5083,0,3,49,6,1373.6078,5016.6548,18,16
1304016181,1,1,1,0,3504.5234,3,65,1,1015.2753,12613.303,22.5,16
1304017081,1,1,1,412.00812,1722.517,3,45,6,9230.6445,561.38757,10,17
1402006011,1,1,1,5169.415,17932.023,2,47,4,1073.803,358.33249,16,6
1402006021,1,1,1,11513.697,10118.785,2,57,6,12260.942,1540.8296,12.5,6
1402006031,1,1,1,14098.404,17078.117,2,55,3,2771.1045,3105.5481,26,6
1402006041,1,0,0,10949.761,11741.205,2,38,6,7444.9546,1638.7738,40.5,6
1402006061,1,1,1,5874.335,9538.1289,2,60,0,1408.2466,453.88779,10,6
1402006071,1,1,1,31956.381,35010.141,2,69,3,14690.437,5136.0986,79.805,6
1402006081,1,0,0,5216.4092,27324.986,2,42,6,530.33209,8480.5352,112,6
1402006091,1,1,1,14756.329,19084.795,2,57,5,12306.929,895.83118,25,6
1402006101,1,1,1,18327.926,28605.848,2,78,4,4019.2959,14333.299,315.04199,6
1402006111,1,1,1,13628.457,20835.303,2,36,11,15577.907,1731.9403,49,6
1402006121,1,1,1,13863.43,19853.313,2,57,3,32811.309,4299.9897,45,6
1402006141,1,0,0,2829.0798,8385.3555,2,66,3,113.47195,334.44363,6.5,6
1402007011,0,1,0,15860.704,14772.571,2,46,3,1552.774,2508.3274,16,7
1402007021,0,1,0,10827.574,7317.9727,2,86,2,2980.1318,2675.5491,79,7
1402007031,0,1,0,12688.563,15455.696,2,45,2,11077.251,537.49872,57,7
1402007051,0,0,0,13628.457,16557.234,2,80,3,1003.3309,1146.6639,30,7
1402007071,0,1,0,10573.803,16224.211,2,57,3,34504.43,2197.7725,30,7
1402007081,0,1,0,4511.4893,7428.981,2,65,0,2697.6462,4395.5449,26,7
1402007101,0,1,0,29606.648,23909.365,2,63,0,12278.859,12601.358,58.036999,7
1402007111,0,1,0,26786.967,28178.895,2,36,2,776.38702,1146.6639,28,7
1402007121,0,1,0,7284.1753,2348.2412,2,71,1,10742.808,2986.104,12,7
1402007141,0,1,0,4793.457,27649.469,2,58,6,272.33267,382.22131,24,7
1402007151,0,1,0,3947.5532,13235.541,2,62,3,746.526,1970.8286,10,7
1402007161,0,1,0,14803.324,22628.504,2,59,2,19347.564,3177.2146,36,7
1402008011,1,1,1,11983.644,7770.5435,2,71,8,7601.4263,477.77664,50,8
1402008031,1,0,0,0,18358.977,2,53,18,9256.9219,1755.8291,12.015,8
1402008041,1,0,0,5639.3613,7855.9336,2,52,3,179.16624,119.44416,2.5,8
1402008051,1,1,1,11043.749,30740.611,2,54,0,7120.0664,2627.7715,31,8
1402008061,1,1,1,10432.818,8966.0117,2,51,4,281.29099,238.88832,6,8
1402008071,1,1,1,25612.1,13235.541,2,45,16,40937.098,64499.844,82.18,8
1402008081,1,1,1,1174.8669,6604.9619,2,57,1,10929.141,597.22076,7.5,8
1402008121,1,1,1,14474.361,27751.939,2,64,1,1402.2744,1552.774,66.160004,8
1402008141,1,1,0,35339.996,,2,49,11,42838.648,,180.24001,8
1402008151,1,0,0,5357.3936,8197.4961,2,57,9,448.51282,441.94339,19.5,8
1402008161,1,0,0,8224.0684,15541.087,2,64,0,6939.7056,6211.0962,120.03,8
1402009011,1,0,0,9163.9629,2903.2798,2,52,2,14283.133,322.49924,45,9
1402009021,1,1,1,10338.83,11783.901,2,46,7,985.41431,859.99792,26,9
1402009031,1,0,0,9187.46,11954.683,2,57,3,17533.805,3009.9927,18.9,9
1402009041,1,1,1,9633.9092,17078.117,2,33,4,262.77716,35.833248,9,9
1402009061,1,1,1,11607.686,19212.881,2,57,0,179.16624,298.61038,6.5,9
1402009081,1,1,1,14803.324,13107.455,2,48,16,7441.3711,3224.9922,46.029999,9
1402009091,1,1,1,17857.979,25617.176,2,47,17,15121.631,1791.6624,50.035999,9
1402009101,1,1,1,19502.791,20493.74,2,47,6,13831.634,836.10913,29.057234,9
1402009111,1,1,1,71431.914,77278.477,2,52,16,27632.211,9316.6445,110.0485,9
1402009121,1,1,1,28196.809,29032.801,2,47,16,16576.461,7644.4263,70.272003,9
1402009131,1,1,1,19267.818,17505.07,2,58,4,8719.4238,238.88832,18,9
1402009141,1,1,1,10338.83,30313.658,2,65,4,2161.9392,1672.2183,27,9
1402010011,1,1,1,15978.19,14943.353,2,60,6,10630.53,2866.6599,30.2596,10
1402010021,1,0,0,5075.4253,41841.387,2,43,11,8158.0361,1254.1637,84,10
1402010031,1,1,1,17857.979,8752.5352,2,77,2,429.99896,179.16624,12.5,10
1402010041,1,1,1,8177.0742,10929.995,2,44,4,2127.3005,776.38702,4.25,10
1402010051,1,1,1,13722.446,30740.611,2,46,8,6915.8169,836.10913,20,10
1402010061,1,1,1,25847.072,19639.836,2,58,4,907.77557,7166.6494,35.25,10
1402010071,1,1,0,27256.914,,2,49,20,98345.539,14978.298,16.530001,10
1402010091,1,1,1,19267.818,21347.646,2,51,2,310.55481,3583.3247,44,10
1402010101,1,0,0,11673.479,0,2,49,6,7083.0386,298.61038,12,10
1402010111,1,1,0,15371.959,,2,47,16,27173.547,1576.6628,80.080002,10
1402010121,1,0,0,9281.4492,20408.35,2,46,4,119.44416,262.77716,10,10
1402010131,1,1,1,28431.781,48672.637,2,50,0,2164.3281,644.99847,11.5,10
1404001021,0,1,0,1811.5222,0,3,57,6,10767.891,11227.751,89.5,1
1404001031,0,0,0,13905.274,1579.1409,3,39,8,2814.1042,0,12,1
1404001041,0,1,0,2317.5457,0,3,57,5,1051.1086,0,34.5,1
1404001051,0,1,0,772.51532,0,3,41,0,1063.053,382.22131,6.5,1
1404001061,0,1,0,2472.0488,0,3,51,0,1022.442,128.99969,11,1
1404001071,0,1,0,34763.188,21055.213,3,67,0,27060.074,6330.5405,60.060093,1
1404001081,0,1,0,0,0,3,72,0,1088.1362,8659.7012,28,1
1404001091,0,0,0,9656.4404,0,3,36,4,2106.2783,5554.1533,68,1
1404001101,0,1,0,0,350.92023,3,76,2,328.47144,238.88832,24,1
1404001111,0,1,0,128.75255,0,3,44,13,812.22028,59.72208,13,1
1404001121,0,1,0,15450.306,,3,58,4,20639.951,1433.33,57.125999,1
1404001131,0,1,0,2626.552,7205.5615,3,52,10,1808.3845,1313.8857,54,1
1404002011,1,1,1,10815.214,10897.637,3,67,4,18609.4,4061.1013,23,2
1404002021,1,1,1,4107.2061,15502.651,3,57,4,15038.02,7219.2051,60,2
1404002031,1,0,0,3733.824,5542.5742,3,47,3,781.16479,59.72208,7,2
1404002041,1,1,1,5150.1016,30296.645,3,76,3,410.88791,3684.8523,29,2
1404002061,1,1,1,7081.3901,30086.285,3,55,1,1098.8862,7954.981,33.5,2
1404002071,1,1,1,3321.7068,0,3,71,0,188.72177,1934.9954,6,2
1404002081,1,1,1,15591.896,0,3,28,13,31366.035,31533.258,180.048,2
1404002091,1,1,1,20728.797,26955.688,3,43,14,6008.041,537.49872,30,2
1404002101,1,1,1,11716.481,67719.586,3,51,0,21516.67,238.88832,12,2
1404002111,1,1,1,12825.007,0,3,27,6,8594.0068,32.521339,15,2
1404002131,1,0,0,12875.255,18156.779,3,40,0,12518.345,3615.8462,15,2
1404002141,1,1,1,20857.912,34641.09,3,48,0,2161.9392,2779.7371,11,2
1404003011,0,1,0,656.638,0,3,53,0,680.83173,5108.8979,7,3
1404003021,0,1,0,3862.5764,1052.7606,3,46,2,523.16541,2385.5713,8,3
1404003031,0,1,0,4428.9424,0,3,58,2,429.99896,390.85382,12.25,3
1404003041,0,1,0,2124.417,1403.6809,3,60,2,1262.5248,2899.1812,6,3
1404003071,0,1,0,45063.391,94216.867,3,48,4,23995.137,1047.7966,43,3
1404003081,0,1,0,7725.1528,27337.848,3,48,2,28605.682,689.46423,22.011999,3
1404003091,0,1,0,365.65723,0,3,56,4,7935.8696,1708.0515,19.5,3
1404003101,0,1,0,772.51532,4678.936,3,56,3,800.27588,1612.4961,8,3
1404003111,0,0,0,1223.1492,13856.435,3,61,3,1814.3568,1313.8857,12,3
1404003121,0,1,0,2961.3083,4509.9517,3,49,0,908.97003,2388.8831,14.5,3
1404003131,0,1,0,5150.1016,1146.3394,3,60,0,7154.7051,406.11014,36,3
1404003141,0,1,0,656.638,0,3,51,6,837.30353,4240.2676,14,3
1404004011,1,1,1,1648.0325,13387.656,3,47,4,2472.4941,501.66547,17.25,4
1404004021,1,0,0,2575.0508,13850.487,3,40,4,1170.5527,11944.416,17,4
1404004031,1,0,0,,6459.4385,3,51,16,9768.1436,2269.439,15.7,4
1404004041,1,1,1,1545.0306,0,3,79,2,800.27588,1612.4961,18.25,4
1404004051,1,1,1,1030.0204,2153.1462,3,44,0,268.74936,0,9,4
1404004061,1,0,0,318.66257,692.82178,3,62,0,668.88727,3362.5308,10.25,4
1404004071,1,0,0,1995.6644,0,3,37,5,19397.73,2168.0891,24,4
1404004081,1,0,0,2896.9324,9474.8457,3,47,3,2490.4106,4138.918,21,4
1404004091,1,1,1,2472.0488,1534.691,3,54,4,1653.1072,2287.5334,33.0625,4
1404004101,1,1,1,2414.1101,2153.1462,3,46,0,29.86104,2168.0891,19,4
1404004111,1,1,1,1351.9017,4306.2925,3,60,0,655.15118,2168.0891,29.26,4
1404004121,1,1,1,2317.5457,4618.812,3,55,0,1469.1631,2586.1438,18.024,4
1404005011,0,0,0,772.51532,,3,33,6,63.305405,2168.0891,6,5
1404005021,0,1,0,9913.9453,5146.8301,3,52,1,959.1366,5393.0815,12.5,5
1404005031,0,1,0,1351.9017,1403.6809,3,58,3,46.583221,3446.1416,10.25,5
1404005041,0,1,0,1931.2882,,3,45,0,1063.053,2191.978,15.5,5
1404005061,0,0,0,54.076069,0,3,63,0,3466.0305,1985.1619,10,5
1404005071,0,1,0,19312.881,,3,33,6,1117.4001,3416.103,12.25,5
1404005081,0,0,0,1416.278,1637.6276,3,57,3,537.49872,1134.7195,9,5
1404005091,0,0,0,,,3,72,0,609.16522,0,7.0359998,5
1404005101,0,0,0,231.75458,105.27606,3,78,0,902.40063,4634.4331,12,5
1404005121,0,1,0,,3875.6628,3,58,0,365.49911,3583.3247,9.25,5
1404005131,0,1,0,10428.956,,3,65,0,1152.6361,1970.8286,36.25,5
1404005151,0,1,0,,561.47235,3,70,0,1343.7468,3344.4365,6,5
1404007011,0,0,1,1328.6829,11697.341,3,68,0,298.61038,4909.1548,10.5,7
1404007021,0,1,0,1004.2698,1871.5745,3,62,2,2708.9934,3201.1035,24,7
1404007031,0,0,0,386.25766,1169.734,3,36,0,298.61038,83.610909,5.5,7
1404007041,0,1,0,1287.5254,0,3,75,6,1212.3582,740.55377,17,7
1404007051,0,0,1,695.26373,7751.3257,3,53,0,457.47113,107.49974,10.1024,7
1404007061,0,1,0,1081.5214,904.32141,3,44,3,871.94238,119.44416,13.5,7
1404007081,0,0,0,0,0,3,56,0,413.27679,119.44416,11,7
1404007091,0,1,0,2317.5457,1291.8876,3,68,0,824.16467,238.88832,19,7
1404007101,0,1,0,965.6441,3649.5703,3,88,0,764.44263,1134.7195,17.75,7
1404007111,0,1,0,0,1871.5745,3,32,5,877.91455,238.88832,8,7
1404007121,0,1,0,772.51532,0,3,64,0,758.4704,0,5.75,7
1404007131,0,1,0,1699.5337,689.00677,3,63,0,1005.7198,298.61038,18.25,7
1404008011,1,0,0,2703.8035,4306.2925,3,86,2,7683.8428,131.38858,17,8
1404008031,1,1,1,1476.3143,0,3,57,0,19923.285,4897.2104,43,8
1404008051,1,0,0,,0,3,68,0,397.15182,0,17,8
1404008061,1,0,0,0,0,3,82,0,298.61038,0,5.25,8
1404008071,1,0,0,23175.459,8773.0049,3,68,0,7794.3286,7238.3159,19.035999,8
1404008081,1,0,0,1545.0306,947.48462,3,52,0,335.04086,71.666496,24.5,8
1404008091,1,1,1,2896.9324,14036.809,3,36,4,586.47083,2472.4941,6,8
1404008101,1,0,0,0,0,3,78,4,1051.1086,4741.9331,9,8
1404008111,1,1,1,0,,3,63,0,1318.6635,6211.0962,7,8
1404008121,1,0,0,0,,3,69,2,146.31909,1493.052,13.5,8
1404008131,1,1,1,,,3,47,9,9215.1172,8540.2568,81.529999,8
1404008141,1,0,0,,861.25848,3,76,2,14.333299,1791.6624,5.25,8
1404010011,0,1,0,3605.071,,3,56,5,148.11076,298.61038,5,10
1404010031,0,0,0,463.50916,2246.3071,3,56,0,1481.1075,4061.1013,16,10
1404010041,0,1,0,386.25766,1200.2725,3,66,1,10388.059,5136.0986,30,10
1404010051,0,0,0,1030.0204,0,3,86,0,573.33197,1829.8845,68,10
1404010061,0,1,0,6180.1226,1976.8506,3,57,0,391.77682,262.77716,15,10
1404010071,0,1,0,6180.1226,,3,47,14,24521.885,16722.182,52.127998,10
1404010081,0,0,0,2703.8035,0,3,74,4,714.27606,1170.5527,9,10
1404010091,0,1,0,450.63388,0,3,53,1,7179.1909,286.66599,35,10
1404010101,0,1,0,1609.4069,15540.801,3,64,0,346.38806,1815.5511,29,10
1404010111,0,1,0,482.82205,0,3,64,0,1676.996,382.22131,28.5,10
1404010121,0,1,0,3127.1418,9237.624,3,58,2,771.60925,238.88832,17.75,10
1404010131,0,0,0,1030.0204,0,3,78,3,764.44263,0,12,10
1404011011,1,1,1,6643.4136,4618.812,3,59,0,11221.778,59.72208,8.625,11
1404011021,1,1,1,3450.5681,9237.624,3,55,1,805.05365,274.72156,6,11
1404011031,1,1,1,3090.0613,2631.9016,3,63,0,621.10962,4777.7661,9,11
1404011041,1,0,0,321.88135,3368.834,3,71,1,962.71991,5434.709,50.5,11
1404011051,1,1,1,1931.2882,9266.8008,3,63,4,2502.3552,2508.3274,19,11
1404011061,1,1,1,965.6441,8107.9272,3,73,4,35.833248,131.38858,8.5,11
1404011071,1,0,0,247.2049,0,3,47,2,7275.3438,8492.4795,10.5,11
1404011091,1,0,0,0,,3,58,4,161.24962,1402.0355,6,11
1404011101,1,0,0,1030.0204,0,3,54,0,573.33197,1970.8286,7,11
1404011111,1,0,0,2678.053,982.5766,3,50,0,9861.3096,3404.1584,7,11
1404011131,1,1,1,2896.9324,3743.1489,3,40,7,63.305405,0,5.25,11
1404011141,1,1,1,2575.0508,25734.148,3,46,9,32718.145,8599.9795,11,11
1404012051,0,1,0,1062.2085,0,3,37,6,536.30426,0,5.25,12
1404012061,0,1,0,1609.4069,5712.981,3,66,0,23.888832,2627.7715,7,12
1404012091,0,0,0,5562.1099,4912.8828,3,34,11,16.124962,0,8,12
1404012111,0,0,0,,,3,59,5,20242.201,4675.4204,15,12
1404014011,0,0,0,0,0,3,65,0,1396.3022,3540.7007,22,14
1404014041,0,1,0,2974.1838,9081.3633,3,61,0,776.38702,2824.0359,10,14
1404014051,0,1,0,5072.2622,3509.2021,3,72,0,4873.3218,4436.5317,31,14
1404014061,0,1,0,738.15717,2292.6787,3,45,0,573.33197,9692.0752,13.75,14
1404014071,0,1,0,2575.0508,2587.4519,3,51,0,547.05426,2764.3137,26.5,14
1404014081,0,1,0,1107.2356,1076.5731,3,71,0,1475.1354,292.63818,11.5,14
1404014091,0,0,0,1802.5355,2302.0366,3,35,4,931.66443,4777.7661,12,14
1404014101,0,0,0,9012.6777,9266.8008,3,52,0,597.22076,155.2774,14.5,14
1404014111,0,1,0,405.57053,2153.1462,3,55,0,674.8595,2568.0493,12,14
1404014121,0,0,0,135.19017,1291.8876,3,67,0,630.66516,0,14,14
1404014131,0,1,0,811.97284,,3,64,0,113.47195,4777.7661,12,14
1404014141,0,1,0,,,3,59,0,2000.6897,0,6.5,14
1404015011,1,1,1,4075.9253,9825.7656,3,34,4,465.83221,2675.5491,14,15
1404015021,1,1,1,30900.611,1754.6011,3,66,4,7745.9536,3284.7144,47.52,15
1404015041,1,1,1,772.51532,8422.085,3,58,3,738.76215,1003.3309,10.5,15
1404015051,1,1,1,3347.5662,0,3,39,7,137.36078,244.86052,12,15
1404015071,1,1,1,3579.3208,0,3,61,4,1884.2316,2544.1606,14,15
1404015081,1,1,1,9656.4404,0,3,50,0,6987.4834,4395.5449,6,15
1404015101,1,1,1,2703.8035,3041.3086,3,52,0,372.66577,1493.052,7,15
1404015111,1,1,1,5150.1016,9968.6406,3,46,3,268.74936,2986.104,12,15
1404015121,1,1,1,6759.5083,0,3,32,11,261.5827,0,5,15
1404015151,1,1,1,3218.8137,4094.0693,3,36,5,95.555328,3941.6572,10,15
1404017011,1,1,1,1738.1593,903.10724,3,70,0,644.99847,47.777664,20,17
1404017021,1,1,1,5407.6069,11234.51,3,64,0,1788.0791,1057.4417,13,17
1404017031,1,1,1,15820.767,2309.406,3,49,4,6939.7056,878.27539,25.016001,17
1404017041,1,0,0,772.51532,0,3,58,0,645.5957,937.99744,33.25,17
1404017051,1,1,1,4931.7549,0,3,40,9,11381.834,2490.7715,37,17
1404017061,1,1,1,4633.9331,3385.9788,3,65,0,8277.4805,1953.2728,22,17
1404017071,1,1,1,0,3307.8491,3,53,4,13974.967,758.83124,12.53,17
1404017091,1,0,0,4935.4541,3275.2551,3,49,0,501.66547,794.66449,25,17
1404017101,1,0,0,0,0,3,38,2,286.66599,758.83124,7.25,17
1404017121,1,0,0,,0,3,78,0,226.94389,1236.6078,6,17
1404017141,1,0,0,1133.0225,421.10425,3,32,0,519.58209,758.83124,5.25,17
1452021011,0,1,0,12218.616,14601.791,2,55,11,13992.883,776.38702,17.014309,21
1452021021,0,1,0,20865.637,32021.469,2,63,2,12266.915,2926.3818,88.054001,21
1452021041,0,0,0,11278.723,5230.1733,2,70,6,991.38654,298.61038,7.1750002,21
1452021061,0,1,0,36420.875,26257.605,2,87,6,609.16522,1475.4962,960,21
1452021071,0,0,0,7895.1064,17932.023,2,76,1,746.526,358.33249,79.004997,21
1452021091,0,0,0,15428.352,,2,46,15,16961.07,21344.672,68.478775,21
1452021101,0,1,0,20677.66,24763.271,2,52,8,905.38672,776.38702,51.169998,21
1452021121,0,1,0,10150.851,16651.164,2,53,17,7483.1763,11664.977,47.042782,21
1452021131,0,1,0,39945.477,24080.145,2,47,6,15527.74,8361.0908,35.0144,21
1452021141,0,1,0,7284.1753,0,2,54,16,6384.29,0,40.5,21
1452021151,0,0,0,12782.553,16651.164,2,56,3,419.24899,286.66599,20,21
1452022011,1,1,1,4675.9707,2788.0029,2,44,6,263.37436,776.38702,20,22
1452022021,1,1,1,13008.126,35095.531,2,56,6,29970.928,8361.0908,64.25,22
1452022031,1,0,0,16354.148,11207.515,2,48,0,864.7757,59.72208,59.75,22
1452022051,1,1,1,8524.835,7364.938,2,40,8,18953.398,4479.1558,17.071541,22
1452022061,1,1,1,40415.426,4726.3691,2,76,0,8784.1621,2508.3274,70.25,22
1452022071,1,0,0,8975.9834,15242.22,2,45,5,922.10889,155.2774,9.3000002,22
1452022081,1,1,1,21147.605,49526.543,2,62,6,48076.273,1373.6078,80,22
1452022091,1,1,1,7519.1489,7855.9336,2,54,0,507.63766,4359.7119,23,22
1452022101,1,1,1,17012.074,22030.771,2,55,6,445.5267,1911.1066,24,22
1452022111,1,1,1,7237.1807,18649.303,2,62,0,387.95462,1588.6073,64,22
1452022121,1,0,0,9633.9092,6276.208,2,56,1,286.66599,298.61038,14,22
1452022131,1,1,1,30076.596,42268.34,2,54,14,13090.482,3105.5481,100.06438,22
1452023011,1,0,0,50754.254,71728.094,2,51,16,,11347.195,0.061525602,23
1452023021,1,1,1,93989.359,108189.87,2,55,13,24067.998,9794.4209,118.1,23
1452023031,1,0,0,9398.9355,11271.558,2,83,0,341.01306,238.88832,23.301498,23
1452023051,1,1,1,6438.2715,21859.99,2,49,16,7669.5093,507.63766,50.048599,23
1452023061,1,0,0,8647.0215,,2,60,5,8332.4248,1552.774,10.0008,23
1452023071,1,1,1,9389.5371,8005.3672,2,79,0,101.28864,95.555328,21.25,23
1452023081,1,1,1,1118.4734,10204.175,2,52,6,402.52682,238.88832,19.299999,23
1452023091,1,1,1,18985.852,21262.256,2,43,0,1349.719,1074.9974,20,23
1452023111,1,1,1,16918.084,17932.023,2,59,2,4904.9741,5255.543,27.507999,23
1452023121,1,1,1,47652.605,43719.98,2,45,13,41181.957,10415.53,0.39672488,23
1452023151,1,1,1,7514.4487,9222.1836,2,79,1,1122.7751,27897.377,40.5,23
1452023171,1,0,0,7237.1807,22030.771,2,70,2,7335.0659,1015.2753,89,23
1452024011,0,1,0,76131.375,65921.531,2,67,0,,5494.4312,0.006438726,24
1452024031,0,1,0,42295.211,55076.926,2,55,15,10331.92,12661.081,54.563999,24
1452024041,0,1,0,36091.914,24336.318,2,52,5,7462.8711,656.94287,20,24
1452024061,0,1,0,17482.021,,2,43,16,,25202.717,0.00357707,24
1452024071,0,1,0,76131.375,49270.367,2,61,2,13521.079,18095.789,116.2925,24
1452024081,0,0,0,7519.1489,9111.1758,2,57,0,710.69275,3989.4348,17.5,24
1452024091,0,1,0,6203.2979,12808.588,2,64,6,6151.374,3224.9922,114.00701,24
1452024101,0,1,0,4934.4414,8410.9727,2,51,0,235.30499,764.44263,14,24
1452024111,0,1,0,9398.9355,13491.713,2,52,2,3057.7705,1708.0515,9.0038633,24
1452024121,0,1,0,12124.628,23695.887,2,60,0,13992.883,1074.9974,43,24
1452024131,0,1,0,10808.776,23567.803,2,45,8,238.88832,8803.0342,20,24
1452024141,0,1,0,7754.1216,17078.117,2,47,16,8205.8135,0,30,24
1452025011,0,1,0,6767.2334,9264.8789,2,33,11,1482.302,3463.8806,3.5120189,25
1452025031,0,0,1,4995.5342,5827.9077,2,46,11,12225.707,5076.377,26.5,25
1452025041,0,1,0,23967.287,28178.895,2,61,0,495.69327,1433.33,15.58,25
1452025051,0,1,0,20207.713,28605.848,2,47,6,13049.274,47920.996,56.057232,25
1452025061,0,1,0,11137.739,4098.748,2,76,0,21086.672,3416.103,36,25
1452025071,0,1,0,13816.437,19212.881,2,66,1,10514.669,406.11014,60.25,25
1452025091,1,1,1,25377.127,17633.156,2,81,0,5352.2925,3726.6577,67,25
1452025111,0,1,0,16448.137,23482.41,2,54,6,10520.642,13841.574,64,25
1452025121,0,1,0,11654.681,36589.867,2,69,0,3934.4905,12908.101,70,25
1452025141,0,1,0,22134.494,62335.129,2,45,6,16913.293,16013.648,239.021,25
1452025171,0,0,0,24954.174,18102.805,2,57,10,1626.8295,8727.5557,11,25
1452025181,0,1,0,12688.563,10105.976,2,65,4,292.63818,5143.2656,34,25
1502016011,1,1,1,33883.164,13192.846,2,49,6,17062.598,20484.674,34.002525,16
1502016021,1,0,0,81582.758,15370.306,2,50,2,2762.7434,429.99896,30.007401,16
1502016031,1,0,0,11654.681,10673.823,2,73,0,690.38721,1254.1637,42.0625,16
1502016041,1,0,0,2537.7126,4307.9546,2,42,0,1182.4972,358.33249,4,16
1502016061,1,0,0,11086.045,17966.18,2,61,3,18513.844,364.30469,104,16
1502016091,1,1,1,14004.414,9239.2617,2,72,0,14853.479,18036.068,8.0017004,16
1502016101,1,0,0,9633.9092,7685.1528,2,43,8,26492.715,4718.0444,75.260002,16
1502016111,1,1,1,11560.69,17206.203,2,63,0,4694.1553,2568.0493,58,16
1502016131,1,0,0,4887.4468,4269.5293,2,56,0,155.2774,203.05507,5.02,16
1502016141,1,1,1,20630.664,34963.176,2,49,6,14154.133,716.66498,90,16
1502016151,1,0,0,15273.271,21176.865,2,49,2,10116.92,1588.6073,21,16
1502017021,0,1,0,37783.723,0,2,48,14,11460.667,7644.4263,170.0744,17
1502017031,0,1,0,46994.68,93929.641,2,38,6,7768.6479,1791.6624,117.024,17
1502017041,0,1,0,8647.0215,11100.776,2,22,6,1270.8859,0,20.5,17
1502017051,0,1,0,5357.3936,14729.876,2,57,4,2104.606,8550.3818,34,17
1502017061,0,1,0,39475.531,50145.625,2,73,2,11997.568,,184.045,17
1502017071,0,0,0,5357.3936,3321.6938,2,70,1,7974.0918,10439.419,17.0434,17
1502017081,0,0,0,1245.359,2706.8816,2,38,4,406.70737,274.72156,50,17
1502017091,0,1,0,23732.313,18999.404,2,72,6,23898.387,18697.734,47.071541,17
1502017101,0,1,0,10150.851,15370.306,2,39,4,744.13708,1371.6152,30.25,17
1502017121,0,1,0,13064.521,4769.0645,2,41,10,9958.0596,4417.4414,28.1,17
1502017141,0,1,0,5371.4917,9196.5664,2,50,0,573.9292,911.92804,79,17
1502017151,0,1,0,49438.402,43122.246,2,53,0,4426.8394,21597.313,100,17
1502018011,1,1,1,12406.596,8368.2773,2,35,0,6772.4839,431.80841,41,18
1502018021,1,1,1,14239.388,38639.238,2,43,0,640.2207,5352.9077,106,18
1502018031,1,1,1,24554.721,25407.967,2,35,0,6999.4277,1948.7493,72,18
1502018041,1,0,0,4816.9546,6344.5215,2,26,4,35.833248,2605.6921,15,18
1502018051,1,0,0,11086.045,9234.9922,2,67,0,997.3587,1363.4728,95,18
1502018061,1,0,0,9398.9355,14729.876,2,70,0,7714.8979,3165.2703,52.057598,18
1502018071,1,1,1,6649.7471,8112.1055,2,51,0,627.08185,7172.9771,99,18
1502018081,1,1,1,4793.457,12637.807,2,60,0,14455.132,23447.244,1030,18
1502018111,1,1,1,7425.1597,11271.558,2,25,3,2144.0227,4491.4556,101,18
1502018121,1,1,1,9807.79,11916.255,2,43,2,741.74823,5500.7588,26,18
1502018131,1,1,1,6391.2764,24336.318,2,36,1,621.10962,1493.052,35.5,18
1502018141,1,0,0,10747.683,17966.18,2,43,3,7083.0386,6031.9302,60,18
1502919011,0,0,0,11086.045,14644.485,2,63,0,203.05507,238.88832,21,919
1502919021,0,0,0,3007.6594,8743.9961,2,70,0,1731.9403,1134.7195,45,919
1502919031,0,0,0,50754.254,48672.637,2,67,18,30386.594,65694.289,137.05,919
1502919051,0,1,0,26317.021,36291,2,62,3,14058.577,15766.629,40,919
1502919061,0,1,0,14944.308,14516.4,2,39,5,1417.8021,477.77664,10.5,919
1502919071,0,0,0,9398.9355,17248.898,2,54,0,191.11066,83.610909,27.5,919
1502919081,0,0,0,17101.367,16651.164,2,49,6,16614.682,3344.4365,121,919
1502919091,0,0,0,13346.489,9734.5273,2,57,3,8229.7021,238.88832,207.2516,919
1502919111,0,1,0,17505.518,25595.828,2,49,9,1373.6078,2460.5496,80,919
1502919121,0,1,0,9774.8936,5294.2163,2,53,0,322.49924,131.38858,17.25,919
1502919141,0,1,0,0,5763.8643,2,53,16,7931.6895,4718.0444,57.018314,919
1502919171,0,0,0,31641.516,15669.173,2,49,3,14834.965,1015.2753,80,919
1502919181,0,1,0,11278.723,11527.729,2,62,6,7644.4263,0,36,919
1502919191,0,0,0,8872.5957,5042.3145,2,92,4,7477.2041,232.91611,106,919
1502919201,0,1,0,6109.3081,15583.782,2,58,2,41.805454,143.33299,9,919
1502919211,0,1,0,6485.2656,6233.5132,2,59,4,7357.7603,274.72156,15.25,919
1502919221,0,1,0,19643.775,27324.986,2,72,3,7202.4829,2861.0483,17,919
1502919231,0,0,0,4694.7686,,2,55,1,107.49974,842.44214,5,919
1502919241,0,1,0,18562.898,44911.176,2,60,14,33026.309,13426.051,160,919
1502919251,0,1,0,16448.137,20920.693,2,51,10,7130.8164,11156.612,125,919
1502919261,0,0,0,3007.6594,7898.6289,2,40,6,5.972208,10595.225,11,919
1502919271,0,1,0,11278.723,11954.683,2,66,0,322.49924,10236.893,23.0121,919
1502919281,0,1,0,19267.818,25403.699,2,65,0,1493.052,17487.152,90,919
1502919291,0,1,0,8928.9893,12595.111,2,63,1,131.38858,10678.836,23.0049,919
2051010031,0,1,0,1287.5254,2526.6255,1,48,0,477.77664,10201.059,16.002001,10
2051010091,0,1,0,2587.9263,864.05176,1,34,2,238.88832,10081.614,9.0600004,10
2051010111,0,1,0,254.32698,7.0184045,1,51,2,259.79105,10202.23,15.75,10
2051010151,0,1,0,119.13682,748.62982,1,55,0,131.38858,10081.614,6,10
2051011061,1,0,0,2214.7739,3509.2021,1,57,6,372.66577,14214.383,8,11
2051011081,1,1,1,230.28294,135.41234,1,58,0,59.72208,10129.393,5.25,11
2051013021,1,0,0,386.25766,843.99432,1,70,0,138.55522,10248.837,8,13
2051013031,1,1,1,1751.0345,1625.9304,1,59,6,340.41586,10117.448,7,13
2051013051,1,1,1,888.39258,1473.865,1,58,6,265.16605,12291.332,15,13
2051013071,1,1,1,772.51532,573.16968,1,70,0,216.19392,179.16624,14,13
2051013081,1,0,0,965.6441,2339.468,1,35,12,195.88841,280.69379,5.25,13
2051013091,1,1,1,1931.2882,3158.2817,1,41,16,1003.3309,7001.0542,13.5,13
2051013101,1,1,1,1699.5337,1362.2687,1,42,14,836.10913,6463.5552,6,13
2051013111,1,0,0,178.70523,103.1693,1,37,11,81.819252,1745.511,5.75,13
2051013121,1,1,1,1493.8364,1831.2867,1,67,0,169.6107,1626.0669,23,13
2051013131,1,1,1,1712.4089,3013.7002,1,46,16,674.26227,7357.7603,22.5,13
2051013141,1,1,1,1171.6482,1498.4231,1,62,0,132.58302,4897.2104,12.25,13
2051013151,1,1,1,710.71411,631.65637,1,52,4,280.69379,131.38858,8.1199999,13
2051014011,1,1,1,3411.9426,3529.561,1,63,0,179.16624,955.55328,27,14
2051014021,1,1,1,393.00677,818.81378,1,72,1,143.33299,77.147163,9,14
2051014031,1,0,0,1236.0244,1403.6809,1,46,16,547.65149,716.66498,6.5,14
2051014051,1,1,1,2510.6746,2156.1501,1,36,0,470.84888,597.22076,6.25,14
2051014081,1,1,1,1416.6615,4334.5566,1,35,7,158.86073,310.55481,12.75,14
2051014101,1,0,0,1467.7789,760.88586,1,55,6,266.36047,776.38702,9,14
2051014111,1,1,1,1802.5355,2256.8723,1,71,0,891.05341,1301.9413,16,14
2051014121,1,0,0,873.18756,206.33861,1,68,0,64.499847,11.944416,10,14
2051014131,1,1,1,1081.5214,2339.468,1,47,2,346.38806,0,11.75,14
2051014141,1,1,1,1977.6392,3158.2817,1,48,2,89.583122,35.833248,6.5,14
2051014151,1,1,1,592.26172,467.89362,1,52,0,329.06866,119.44416,6.75,14
2051014161,1,0,0,473.82471,1399.4673,1,73,0,400.13794,15.52774,21,14
2051015011,0,1,0,642.90466,1672.7196,1,39,3,35.833248,0,6.5,15
2051015021,0,1,0,438.06546,3275.2551,1,53,5,210.22173,245.11363,15,15
2051015031,0,1,0,1184.5234,2917.9951,1,59,0,471.80441,412.33545,27,15
2051015051,0,1,0,3167.3125,2035.3372,1,42,2,369.08246,173.44713,7.25,15
2051015061,0,1,0,2414.1101,2210.7974,1,61,2,372.66577,949.83417,22.75,15
2051015081,0,1,0,1390.5275,994.27399,1,58,0,170.20793,221.22479,20.75,15
2051015111,0,1,0,553.63599,1483.0677,1,35,0,234.11055,83.610909,19,15
2051015141,0,1,0,257.5051,1263.3127,1,42,2,146.91632,0,6.75,15
2051015151,0,1,0,4506.3389,3415.6233,1,52,0,320.11035,0,20,15
2051015161,0,1,0,579.38641,760.88239,1,52,4,59.72208,0,12,15
2051015181,0,1,0,479.64392,818.81378,1,43,0,38.22213,0,8.5,15
2051015191,0,1,0,1197.3987,1770.7322,1,42,3,395.36017,1194.4415,14.25,15
2051016011,0,1,0,1384.0898,908.17902,1,70,4,130.19414,2292.3315,20.5,16
2051016041,0,1,0,1609.4069,2298.5273,1,78,3,606.17908,597.22076,15.0196,16
2051016051,0,1,0,695.72394,697.62695,1,63,0,92.808113,0,19.5,16
2051016061,0,1,0,2433.4231,1393.7694,1,62,2,513.01263,1003.3309,46.525002,16
2051016071,0,1,0,1725.2841,1173.5736,1,60,4,346.38806,1839.4401,13.5,16
2051016081,0,1,0,2175.918,2503.231,1,50,0,714.27606,298.61038,31.042,16
2051016091,0,1,0,2188.7932,1169.734,1,48,16,6965.9834,0,15.024,16
2051016121,0,1,0,746.76477,670.60748,1,51,2,40.611015,59.72208,7.75,16
2051016131,0,1,0,3669.4475,3275.2551,1,70,2,615.73462,895.83118,10.5,16
2051016141,0,1,0,424.88342,451.37448,1,71,4,63.902626,0,7,16
2051016151,0,1,0,2703.8035,1895.7587,1,45,10,1630.4127,3959.7515,23.200001,16
2051016161,0,1,0,1181.4268,206.33861,1,69,2,292.63818,2168.0891,6.0135002,16
2051017011,1,0,0,2575.0508,1286.7075,1,62,0,390.5824,2186.0059,26,17
2051017021,1,1,1,3154.4373,2953.5784,1,36,4,118.84694,1719.9958,5.25,17
2051017031,1,1,1,1158.7728,2339.468,1,60,4,690.38721,0,5.75,17
2051017041,1,0,0,4339.124,722.19916,1,39,1,627.08185,238.88832,5.75,17
2051017051,1,0,0,289.85135,760.88239,1,85,6,224.55502,71.666496,8,17
2051017071,1,1,1,257.5051,1483.0677,1,44,4,75.847038,3344.4365,5.5,17
2051017081,1,1,1,1060.921,2366.3535,1,50,3,84.20813,17.916624,5.25,17
2051017111,1,1,1,386.25766,812.47406,1,52,9,130.19414,370.27689,15,17
2051017131,1,0,0,360.50714,361.09958,1,70,1,185.13844,0,8,17
2051017141,1,1,1,978.51935,1614.2329,1,39,8,429.99896,2579.9939,5.25,17
2051017151,1,0,0,1030.0204,1520.6543,1,45,5,986.60876,107.49974,6,17
2051017161,1,0,0,3347.5662,1965.1532,1,25,6,848.05353,597.22076,6,17
2051018011,0,1,0,15604.809,3415.6233,1,41,14,8850.8125,1194.4415,20.120001,18
2051018021,0,1,0,6025.6191,2339.468,1,75,1,377.44354,358.33249,15.25,18
2051018031,0,1,0,1030.0204,2433.0469,1,55,6,579.30414,537.49872,38.25,18
2051018041,0,1,0,695.26373,541.64935,1,52,13,632.45679,394.16571,20,18
2051018051,0,0,0,1185.137,2433.0469,1,32,6,83.610909,656.94287,12.25,18
2051018061,0,1,0,1081.9049,1462.1676,1,35,14,8086.3696,4777.7661,40.032299,18
2051018071,0,1,0,824.01624,1684.417,1,46,9,441.94339,95.555328,8,18
2051018121,0,1,0,1269.5,3564.5244,1,57,1,2173.8838,7023.3164,36.009445,18
2051018131,0,1,0,2420.5479,1440.5588,1,54,7,586.47083,0,8,18
2051018141,0,1,0,650.28174,760.88239,1,45,2,788.33142,644.99847,15.25,18
2051018151,0,1,0,4403.3374,982.5766,1,52,1,171.99959,23.888832,10,18
2051018171,0,0,0,1133.0225,1109.7295,1,71,3,273.52713,955.55328,15.5,18
2051019021,1,1,1,2060.0408,2573.415,1,53,6,1543.2185,2962.2151,37,19
2051019061,1,1,1,721.16766,980.11542,1,61,2,334.44363,143.33299,20.5,19
2051019071,1,0,0,334.79495,90.274895,1,39,0,29.263819,0,12,19
2051019081,1,1,1,1128.1024,2105.5212,1,55,6,218.58281,1230.2748,5.25,19
2051019091,1,0,0,901.26776,908.17902,1,57,1,826.55359,5064.4321,6.5,19
2051019111,1,1,1,1854.0366,6880.3633,1,55,4,441.94339,1791.6624,15,19
2051019121,1,1,1,393.00677,2005.3826,1,41,2,292.04095,1552.774,10.5,19
2051019141,1,0,0,674.86737,135.41234,1,59,1,47.777664,0,11.5,19
2051019151,1,1,1,1030.0204,4444.9893,1,55,1,262.77716,179.16624,18.5,19
2051019191,1,1,1,1802.5355,2573.415,1,71,4,191.11066,59.72208,13.37,19
2051019201,1,0,0,695.37878,7065.1938,1,70,0,269.94379,214.99948,20,19
2051019211,1,1,1,3553.5703,3041.3086,1,73,0,411.48514,752.49817,41.5,19
2051020011,0,1,0,238.27364,1883.2719,1,70,1,370.27689,716.66498,28,20
2051020031,0,1,0,3360.4414,6082.6172,1,51,1,432.38785,752.49817,31.5,20
2051020041,0,0,0,2060.0408,2193.2512,1,33,2,235.30499,597.22076,12.5,20
2051020051,0,1,0,1072.2313,1906.6665,1,70,1,525.55432,513.60986,15,20
2051020081,0,1,0,515.01019,1674.4651,1,60,0,232.91611,8546.2295,13,20
2051020091,0,1,0,643.7627,210.55212,1,43,0,226.94389,6.5265555,5,20
2051020121,0,1,0,798.49585,731.0838,1,48,6,47.777664,2388.8831,5,20
2051020131,0,1,0,991.39459,2222.4946,1,72,0,709.49829,358.33249,15.75,20
2051020161,0,0,0,2703.8035,1057.496,1,49,0,441.94339,0,5.25,20
2051020171,0,0,0,1133.0225,1216.5234,1,82,4,131.38858,59.72208,10.25,20
2051020181,0,0,1,1287.5254,1918.6316,1,56,15,107.49974,3672.908,23,20
2051021011,1,1,1,412.00812,935.78723,1,50,3,131.38858,179.16624,6.5,21
2051021021,1,0,0,1095.4799,1029.366,1,63,2,899.41449,2388.8831,20,21
2051021031,1,1,1,1699.5337,1530.8337,1,42,9,435.97119,1552.774,14.5,21
2051021051,1,1,1,754.05078,361.09958,1,64,0,148.11076,2388.8831,7.5,21
2051021061,1,1,1,869.55408,2128.916,1,64,2,243.06886,2627.7715,5.5,21
2051021091,1,1,1,1030.0204,1450.4702,1,50,2,441.94339,597.22076,8.5,21
2051021111,1,1,1,571.71198,322.4093,1,48,3,219.77725,489.72104,5.5,21
2051021131,1,1,1,289.85135,655.05109,1,46,1,179.16624,0,5,21
2051021141,1,0,0,59.568409,216.01294,1,43,6,418.65176,119.44416,6,21
2051021151,1,0,0,59.568409,,1,73,1,23.888832,0,7,21
2051021161,1,0,0,496.16223,361.09958,1,75,0,118.84694,59.72208,29,21
2051021171,1,0,0,178.70523,,1,74,2,88.38868,119.44416,31,21
2101005211,0,0,0,889.16901,90.274895,1,35,0,395.36017,0,9.1199999,5
2101022021,0,1,0,1545.0306,2807.3618,1,45,2,327.27701,191.11066,6.25,22
2101022031,1,1,1,927.01831,1684.417,1,40,3,74.055382,0,5,22
2101022051,0,1,0,772.51532,1684.417,1,44,3,66.291512,597.22076,5.75,22
2101022081,0,1,0,297.84204,270.82468,1,64,0,509.42932,597.22076,18,22
2101022091,0,1,0,515.01019,3111.4927,1,48,1,443.13782,4061.1013,65.25,22
2101022111,0,1,0,978.74945,350.92023,1,68,2,358.33249,1552.774,14.25,22
2101022161,0,1,0,476.54727,477.16333,1,69,1,238.88832,83.610909,45.119999,22
2101022171,0,1,0,2325.271,3860.1223,1,46,0,56.138756,0,12,22
2101022181,0,1,0,901.26776,1131.7177,1,63,2,249.04108,776.38702,32,22
2101023011,1,0,0,772.51532,4035.5825,1,44,0,280.69379,35.833248,21.25,23
2101023021,1,0,0,1030.2504,3509.2021,1,48,0,391.77682,71.666496,15.5,23
2101023031,1,1,1,489.41306,1289.9778,1,62,3,152.88852,310.55481,25.75,23
2101023041,1,0,0,965.6441,1590.8384,1,33,3,394.16571,0,8.1199999,23
2101023061,1,1,1,231.75458,891.68646,1,40,0,35.833248,0,16.059999,23
2101023071,1,1,1,238.27364,1228.2207,1,70,2,143.33299,0,22.120001,23
2101023081,1,1,1,148.92102,877.30054,1,71,1,262.77716,776.38702,16,23
2101023091,1,0,0,1622.2821,1228.2207,1,51,2,250.83273,179.16624,31,23
2101023121,1,1,1,1738.1593,1614.2329,1,69,3,137.36078,418.05457,30,23
2101023131,1,1,1,1030.0204,982.5766,1,46,3,501.66547,298.61038,25,23
2101023141,1,0,0,342.48175,2631.9016,1,33,6,191.11066,0,8,23
2101023151,1,1,1,515.01019,648.44348,1,71,0,81.222031,780.91058,22,23
2101024011,1,1,1,1617.132,2397.9548,1,42,10,226.94389,656.94287,31,24
2101024021,1,1,1,1120.1471,982.5766,1,60,3,23.888832,477.77664,11,24
2101024031,1,0,0,1158.7728,4678.936,1,25,5,27.472157,0,25.5,24
2101024041,1,1,1,4184.4575,2526.6255,1,38,8,583.48474,3904.553,25,24
2101024051,1,0,0,3450.5681,935.78723,1,42,0,495.69327,2710.1116,36,24
2101024061,1,0,0,437.95041,1930.0612,1,35,0,71.666496,2710.1116,6,24
2101024081,1,1,1,503.84613,851.15729,1,68,0,418.05457,2710.1116,32,24
2101024111,1,0,0,424.88342,1599.4856,1,66,2,238.88832,2710.1116,10,24
2101024121,1,0,0,978.51935,2982.8218,1,41,5,157.06906,5122.8833,12,24
2101024131,1,1,1,2974.1838,912.39258,1,44,6,394.16571,2710.1116,6.25,24
2101024161,1,1,1,618.01221,1216.5234,1,32,6,167.22182,2710.1116,5.0012002,24
2101024171,1,1,1,1802.5355,2690.3884,1,36,0,555.41534,3367.0544,40,24
2101025041,0,0,0,618.01221,1250.0975,1,61,0,330.86032,2769.8335,12,25
2101025051,0,1,0,1802.5355,1684.417,1,27,6,271.13824,2829.5557,20.25,25
2101025061,0,1,0,786.01355,2725.4805,1,69,3,346.38806,2972.8887,20.5,25
2101025071,0,1,0,607.30829,864.05176,1,67,0,418.05457,2948.9998,17.5,25
2101025081,0,1,0,424.88342,580.33258,1,51,6,29.86104,758.83124,14,25
2101025091,0,1,0,1096.9717,1848.1798,1,47,0,197.08286,1284.3855,15,25
2101025111,0,1,0,206.00406,477.16333,1,55,2,23.888832,59.72208,10.036,25
2101025121,0,1,0,1365.0837,491.2883,1,47,2,226.94389,0,11.25,25
2101025161,0,0,0,2446.2983,1169.734,1,56,0,537.49872,59.72208,26,25
2101025171,0,1,0,1828.2861,1121.4268,1,42,6,225.74947,358.33249,5.25,25
2101025181,0,0,0,1158.7728,464.26187,1,39,9,406.11014,0,5.9299998,25
2101025191,0,0,0,386.25766,1918.3639,1,41,5,143.33299,167.22182,15,25
2101026011,0,1,0,2008.5397,1965.1532,1,38,9,334.44363,644.99847,5.5,26
2101026041,0,1,0,3476.3186,2912.6377,1,43,9,429.99896,881.08502,36.5,26
2101026051,0,0,1,558.78607,1310.1022,1,36,0,33.444363,119.44416,14,26
2101026091,0,1,0,772.51532,701.84045,1,70,0,262.77716,179.16624,26,26
2101026101,0,1,0,1184.7535,2000.2452,1,35,3,299.80484,358.33249,15.25,26
2101026121,0,1,0,412.00812,1813.0878,1,76,0,191.11066,0,14.5,26
2101026141,1,1,1,1802.5355,1580.3044,1,47,8,249.63829,119.44416,10.5,26
2101026161,0,1,0,772.51532,1532.3517,1,38,6,895.83118,382.22131,12.5,26
2151003011,1,1,1,540.76068,1169.734,1,45,12,1074.9974,1612.4961,21.5,3
2151003021,1,1,1,297.84204,4268.709,1,54,14,154.08296,2771.1045,15,3
2151003051,1,1,1,119.13682,1483.0677,1,72,6,501.66547,597.22076,20,3
2151003111,1,1,1,,1895.7728,1,56,0,167.22182,179.16624,9,3
2151003121,1,1,1,119.13682,2620.2043,1,41,6,142.13855,1134.7195,6,3
2151003131,1,1,1,476.54727,1083.2987,1,47,12,78.833145,1911.1066,9.5,3
2151003141,1,1,1,643.7627,1216.5234,1,46,13,,3583.3247,6.0630994,3
2151003151,1,1,1,515.01019,2708.2468,1,39,6,1734.9264,2544.1606,10.25,3
2151003181,1,1,1,1313.276,683.50189,1,33,4,95.555328,453.88779,15,3
2151005061,0,0,0,824.01624,1403.6809,1,43,4,521.97095,1313.8857,10.25,5
2151005081,0,1,0,386.25766,90.274895,1,60,6,214.99948,119.44416,5.5,5
2151005101,0,1,0,257.5051,90.274895,1,74,1,214.99948,131.38858,15.5,5
2151005131,0,1,0,231.75458,180.54979,1,58,3,267.5549,418.05457,8.25,5
2151005151,0,0,1,0,2702.0857,1,44,8,102.72198,0,13,5
2151005171,0,1,0,618.01221,1637.6276,1,44,1,418.05457,119.44416,8,5
2151005191,0,1,0,1133.0225,1083.2987,1,57,0,47.777664,226.94389,17,5
2151005201,0,1,0,721.01428,1403.6809,1,66,4,453.88779,358.33249,16,5
2151005221,0,1,0,585.8241,2884.5581,1,49,1,286.66599,250.83273,7.25,5
2151006011,0,1,0,1712.4089,1235.7046,1,73,0,155.2774,0,20.24,6
2151006021,0,1,0,772.51532,1310.1022,1,58,4,191.11066,250.83273,10,6
2151006051,0,0,0,772.51532,290.78162,1,75,2,131.38858,0,7,6
2151006061,0,0,0,463.50916,736.9325,1,79,3,615.13739,465.83221,37,6
2151006071,0,1,0,,,1,44,11,16638.57,14034.688,15,6
2151006081,0,1,0,2253.1694,5053.251,1,79,2,310.55481,95.555328,32.259998,6
2151006091,0,1,0,515.01019,1702.3146,1,62,6,29.86104,0,5,6
2151006101,0,1,0,528.00049,180.54979,1,54,1,666.49841,836.10913,27.870001,6
2151006121,0,1,0,1030.3271,1908.6533,1,49,5,212.6106,298.61038,6.5,6
2151006151,0,1,0,1158.7728,541.64935,1,39,1,167.22182,0,9,6
2151006161,0,0,1,412.00812,4211.0425,1,53,6,205.44395,824.16467,20,6
2151006171,0,1,0,4686.5928,4597.0547,1,49,11,795.49811,4956.9326,46.195,6
2151007011,1,1,1,1133.0225,2834.864,1,60,3,2012.634,1074.9974,83,7
2151007021,1,1,1,1030.0204,2269.2842,1,52,3,592.44305,0,10.589427,7
2151007031,1,1,1,1545.0306,1064.458,1,33,0,17.916624,0,5.1199999,7
2151007041,1,0,0,3347.5662,2690.3884,1,50,1,855.22015,1074.9974,12.25,7
2151007051,1,1,1,1493.5295,2125.8801,1,42,11,656.94287,1672.2183,22.014999,7
2151007061,1,0,0,1390.5275,1658.9156,1,32,6,370.27689,23.888832,5.2399998,7
2151007071,1,0,0,3399.0674,2421.3494,1,55,2,1403.4689,382.22131,6,7
2151007081,1,1,1,3347.5662,1637.6276,1,85,1,7369.7046,2030.5507,20,7
2151007101,1,1,1,3090.0613,4912.8828,1,44,14,13533.023,1552.774,55,7
2151007111,1,0,0,772.51532,1122.9447,1,52,14,4061.1013,3547.4915,40.25,7
2151007131,1,1,1,1030.0204,1988.548,1,74,6,85.999794,0,14,7
2151007141,1,1,1,4506.3389,5006.4619,1,33,4,274.72156,0,10.002,7
2151008011,0,1,0,463.50916,135.41234,1,71,0,100.93031,11.944416,24,8
2151008021,0,1,0,2060.0408,1310.1022,1,40,4,214.99948,597.22076,4,8
2151008041,1,1,1,463.66257,1497.2596,1,41,13,537.49872,656.94287,7,8
2151008051,0,1,0,571.71198,888.99786,1,55,0,14.333299,0,6,8
2151008081,0,1,0,2832.5559,10200.081,1,54,0,755.48431,597.22076,16,8
2151008101,0,1,0,4519.2144,2257.5867,1,30,3,238.88832,0,8,8
2151008111,0,0,1,386.25766,175.46011,1,57,0,154.08296,47.777664,11,8
2151008121,0,1,0,579.38641,715.74493,1,82,0,367.29077,418.05457,41.5,8
2151008131,0,1,0,746.76477,818.81378,1,24,6,155.2774,0,7.5,8
2151008151,0,1,0,733.88947,877.30054,1,33,4,621.10962,179.16624,7,8
2151008161,0,1,0,595.68408,270.82468,1,52,0,394.16571,0,14,8
2151008171,0,1,0,1545.0306,2540.6624,1,53,0,1095.303,2149.9949,29,8
2151009011,1,1,1,1493.5295,2566.3801,1,43,8,2329.1611,3511.6582,14.12,9
2151009031,1,1,1,965.6441,4006.3391,1,64,0,155.2774,585.27637,20,9
2151009041,1,1,1,1798.673,1697.7495,1,49,0,1203.6388,119.44416,52,9
2151009051,1,1,1,141.62781,491.2883,1,49,2,23.888832,2986.104,18,9
2151009081,1,0,0,324.45642,4421.5947,1,64,0,334.44363,59.72208,30,9
2151009091,1,0,0,772.51532,1555.7463,1,60,2,553.62366,656.94287,51,9
2151009101,1,1,1,334.94836,3286.9526,1,28,7,328.47144,7047.2056,18,9
2151009131,1,1,1,1545.0306,6959.9175,1,48,9,1182.4972,609.16522,21.01,9
2151009151,1,1,1,977.23181,2029.017,1,65,2,109.88863,119.44416,20.059999,9
2151009161,1,0,0,412.00812,283.71912,1,66,4,310.55481,704.72052,23,9
2151009181,1,1,1,297.84204,900.69519,1,55,3,47.777664,716.66498,16.5,9
2151009191,1,1,1,869.07965,747.98798,1,69,0,343.99918,1827.4956,26,9
2151010021,0,1,0,357.41046,2538.323,1,82,1,95.555328,0,14.6875,10
2151010041,0,1,0,89.352615,564.16089,1,73,0,144.52744,1248.6438,14,10
2151010051,0,1,0,178.70523,135.41234,1,52,7,365.49911,161.70197,7.5019999,10
2151010061,0,1,0,952.7688,545.27063,1,63,0,244.86052,34.729279,6,10
2151010101,0,1,0,1957.4989,6141.104,1,45,2,298.61038,476.67267,42.5,10
2151010131,0,1,0,1158.7728,1151.7166,1,54,4,504.05435,10.840446,15.036057,10
2151010141,0,1,0,309.15952,270.82468,1,52,1,78.833145,10.840446,5.25,10
2151010161,0,1,0,476.54727,180.54979,1,44,3,496.8877,799.17188,5.1199999,10
2151011011,1,1,1,2703.8035,2222.4946,1,62,4,919.72003,249.72876,10,11
2151011031,1,1,1,412.39163,526.38031,1,59,3,224.55502,10.840446,6.3099999,11
2151011041,1,0,0,772.51532,,1,78,0,32.249924,10.840446,8,11
2151011051,1,0,0,3025.6848,90.274895,1,44,3,364.30469,10.840446,6.5,11
2151011071,1,1,1,1081.5214,1801.3904,1,43,7,145.72188,488.61707,42.5,11
2151011101,1,1,1,317.52841,5076.646,1,44,0,167.22182,34.729279,6.75,11
2151011111,1,0,0,579.61652,383.90549,1,64,2,358.33249,10.840446,6.5,11
2151011121,1,1,1,119.13682,2865.8484,1,50,7,515.99878,359.02017,47,11
2151011131,1,1,1,1545.0306,3509.2021,1,34,3,633.05402,846.94952,9.25,11
2151011141,1,1,1,675.95087,1455.8474,1,50,1,35.833248,130.28461,6.5,11
2151012031,1,1,1,297.84204,1083.2987,1,48,2,740.55377,524.45032,39.310001,12
2151012041,1,1,1,772.51532,2636.8071,1,66,3,7632.4819,2817.7781,80,12
2151012051,1,0,0,463.50916,935.78723,1,46,0,1337.7745,824.16467,7.75,12
2151012071,1,0,0,766.0777,,1,69,12,633.05402,1074.9974,16.5,12
2151012081,1,1,1,178.70523,1403.6809,1,64,0,200.66618,686.80389,16.25,12
2151012091,1,0,0,901.26776,270.82468,1,61,0,692.77612,1506.8058,12,12
2151012101,1,1,1,463.50916,1988.548,1,57,0,238.88832,909.58502,19.25,12
2151012121,1,1,1,265.55212,1930.0612,1,43,3,274.72156,395.97516,8.75,12
2151012131,1,1,1,1287.5254,1918.3639,1,53,3,2102.2173,16043.16,37.5,12
2151012141,1,0,0,2060.0408,2947.73,1,65,1,471.80441,656.94287,27.620001,12
2151012151,1,1,1,1274.6503,2760.5725,1,59,12,2341.1055,1493.052,49.5,12
2151012171,1,0,0,637.32513,982.5766,1,41,2,997.3587,836.10913,18.5,12
2151020101,0,1,0,3769.8745,2280.9814,1,51,13,203.05507,2556.105,13.75,20
2201001021,0,0,0,1081.5214,270.82468,1,47,0,716.66498,812.22028,21,1
2201001031,0,0,0,297.84204,902.74896,1,58,6,668.88727,41.805454,7.25,1
2201001081,0,0,0,357.41046,902.74896,1,49,4,203.05507,0,6.1199999,1
2201001101,0,1,0,154.50305,1624.9481,1,67,4,226.94389,250.83273,14.25,1
2201001131,0,0,0,,515.84656,1,88,0,23.888832,35.833248,6.75,1
2201001141,0,0,0,504.15289,494.79749,1,62,3,71.666496,119.44416,6,1
2201001151,0,0,0,238.27364,,1,49,1,170.20793,298.61038,10.5,1
2201001191,0,0,0,579.38641,1310.1022,1,62,2,388.19351,1194.4415,6.8699999,1
2201001201,0,0,0,,,1,83,0,35.833248,23.888832,10,1
2201001211,0,0,0,178.70523,361.09958,1,57,2,42.999897,0,12.18,1
2201001251,0,1,0,714.82092,541.64935,1,65,0,35.833248,23.888832,5.75,1
2201001281,0,0,0,1274.6503,2166.5974,1,58,1,495.69327,800.27588,30.5,1
2201002011,1,1,1,,1473.865,1,60,3,573.33197,0,8.0215998,2
2201002021,1,0,0,59.568409,451.37448,1,51,0,42.999897,0,8.75,2
2201002071,1,0,0,360.50714,644.8186,1,55,1,59.72208,2018.6063,5.3699999,2
2201002081,1,0,0,733.88947,1684.417,1,56,2,7071.0942,0,28.4,2
2201002101,1,1,1,315.44373,4561.9629,1,37,7,359.52692,0,6.2800002,2
2201002121,1,0,0,721.01428,361.09958,1,46,3,274.72156,0,33.619999,2
2201002141,1,0,0,29.784204,374.31491,1,35,0,59.72208,2054.4395,6.5,2
2201002151,1,1,1,515.01019,2047.0347,1,61,3,925.6922,1493.052,7.75,2
2201002171,1,1,1,412.00812,1403.6809,1,38,3,35.833248,0,5.1199999,2
2201002181,1,0,0,315.44373,561.47235,1,53,8,418.05457,1170.5527,5.5,2
2201002191,1,0,0,476.54727,857.60461,1,55,0,267.5549,0,6.25,2
2201002201,1,0,0,238.27364,584.867,1,52,1,298.61038,0,9.0719995,2
2201003031,1,0,0,,2035.3372,1,59,0,268.74936,370.27689,17.5,3
2201003091,1,1,1,416.97885,1852.5035,1,67,3,1074.9974,7763.8701,15.5,3
2201003191,1,0,0,193.12883,818.81378,1,57,4,406.11014,2341.1055,16,3
2201004011,0,1,0,119.13682,361.09958,1,35,4,23.888832,0,6.0384002,4
2201004051,0,0,0,238.27364,722.19916,1,36,0,310.55481,477.77664,6.3125,4
2201004081,0,1,0,,225.68724,1,56,2,130.19414,179.16624,10.25,4
2201004111,0,1,0,386.25766,421.10425,1,45,5,370.27689,2388.8831,10,4
2201004141,0,1,0,29.784204,561.47235,1,69,1,549.44312,1731.9403,12.045,4
2201004151,0,1,0,357.41046,,1,44,8,35.833248,0,6.0625,4
2201004161,0,1,0,,3644.8911,1,30,11,7005.3999,2390.7673,28.825001,4
2201004171,0,1,0,357.41046,864.05176,1,68,0,286.66599,238.88832,5.0749998,4
2201004181,0,0,0,772.51532,1122.9447,1,50,6,95.555328,0,11.583118,4
2201004191,0,0,0,2472.0488,8188.1387,1,55,7,628.27625,1911.1066,39.1875,4
2201004241,0,1,0,178.70523,,1,57,0,173.19403,776.38702,10,4
2201004271,0,1,0,618.01221,1965.1532,1,47,3,171.99959,119.44416,31.25,4
2201005041,0,0,1,824.01624,573.16968,1,28,16,3248.8811,2687.4937,5.25,5
2252011011,0,1,0,9821.8877,8325.582,2,64,1,848.05353,1672.2183,37.544998,11
2252011021,0,1,0,21852.525,36717.953,2,53,3,1206.386,238.88832,34,11
2252011031,0,1,0,32191.355,24592.488,2,61,0,18469.65,4061.1013,9.5,11
2252011041,0,1,0,15038.298,17932.023,2,34,6,828.94244,1027.2197,7,11
2252011051,0,0,0,45114.891,17078.117,2,47,15,46370.609,1911.1066,24,11
2252011081,0,1,0,7754.1216,7898.6289,2,42,8,140.34689,4061.1013,24,11
2252011091,0,1,0,831.80591,0,2,37,6,1278.0525,2926.3818,15,11
2252011101,0,1,0,16448.137,7258.2002,2,57,2,529.13763,477.77664,13.5,11
2252011111,0,0,0,17857.979,8184.688,2,56,4,499.27658,382.22131,1.25,11
2252011131,0,1,0,9586.9141,15156.829,2,34,1,191.11066,1552.774,2.1199999,11
2252011151,0,1,0,4793.457,5439.3799,2,73,4,12123.582,3463.8806,11,11
2252012011,0,0,0,14098.404,15327.61,2,66,1,298.61038,4264.1563,3,12
2252012031,0,0,0,11748.67,,2,55,9,6957.6221,716.66498,45.044998,12
2252012041,0,0,0,12688.563,16224.211,2,79,0,358.33249,5016.6548,23,12
2252012061,0,1,0,19831.754,17248.898,2,71,3,573.33197,2269.439,22.5448,12
2252012081,0,0,0,7848.1113,11698.511,2,56,4,51.95821,907.77557,5.25,12
2252012091,0,0,0,23967.287,36077.523,2,87,3,0,2508.3274,53.086399,12
2252012101,0,0,0,7049.2021,8880.6211,2,60,11,4288.0454,2329.1611,20.125,12
2252012111,0,1,0,11673.479,7702.231,2,76,0,15894.435,3702.7688,13,12
2252012131,0,1,0,3289.6277,2762.3853,2,74,0,692.77612,1254.1637,9.5,12
2252012151,0,0,1,19737.766,26231.988,2,49,19,26170.215,27711.045,16.09,12
2252012171,0,1,0,8928.9893,13833.275,2,54,4,81.222031,418.05457,1.5,12
2252013031,1,1,1,6579.2554,7258.2002,2,76,0,5374.9873,2615.7356,18.5,13
2252013041,1,1,1,4995.5342,3889.5413,2,83,2,1595.7739,1719.9043,37.355598,13
2252013042,,,,,,,,,,,,
2252013051,1,1,1,5639.3613,9819.918,2,59,3,7106.9272,1433.2384,28.032,13
2252013061,1,1,1,10808.776,21667.861,2,54,17,45063.891,12569.614,120.04,13
2252013081,1,1,1,21659.848,22671.199,2,47,2,13449.412,2137.959,59.5,13
2252013091,1,0,0,11673.479,20852.381,2,60,16,27131.74,10558.772,200.0011,13
2252013111,1,1,1,6677.9443,3842.5764,2,59,3,,824.07312,19.5,13
2252013131,1,1,1,0,15370.306,2,35,16,7763.8701,9782.3848,130.0195,13
2252013141,1,1,1,8811.5029,43207.637,2,53,11,3471.6445,4108.7876,36,13
2252013151,1,0,0,7801.1167,37657.25,2,54,11,,12219.046,74.036003,13
2252013171,1,1,1,19737.766,14729.876,2,52,6,7154.7051,2806.8462,72,13
2252014011,1,0,0,5169.415,1297.9369,2,78,0,2627.7715,1600.4602,24,14
2252014021,1,1,1,9535.2207,13115.994,2,56,3,525.55432,1958.7926,20,14
2252014031,1,1,1,4699.4678,10887.3,2,84,3,,2317.125,59.045601,14
2252014041,1,1,1,9751.3955,18785.93,2,54,3,8635.8125,3368.2336,4.2979999,14
2252014071,1,0,0,4050.9409,11954.683,2,50,4,6832.2061,1301.8497,5.5,14
2252014081,1,1,1,7909.2041,17487.99,2,48,8,716.66498,3153.2341,20.040001,14
2252014091,1,1,1,11673.479,10558.545,2,57,4,250.83273,1660.1823,16.530001,14
2252014101,1,0,0,0,13235.541,2,41,7,31246.592,9424.0527,26,14
2252014111,1,1,1,27491.887,22671.199,2,68,16,75488.711,7457.8389,58.294998,14
2252014121,1,1,1,31204.467,52088.258,2,56,5,8671.6455,6633.6743,100.032,14
2252014131,1,1,1,20677.66,34796.664,2,56,2,7864.2031,1891.7413,24.532,14
2252014141,1,1,1,3580.9941,8325.582,2,48,6,13371.773,5797.5654,15,14
2252015021,0,0,0,23497.34,21774.6,2,30,11,16937.182,5403.938,50,15
2252015041,0,1,0,11278.723,21859.99,2,62,4,5936.3745,216.80891,22.046499,15
2252015051,0,1,0,11748.67,,2,41,6,836.10913,670.69672,7.25,15
2252015061,0,0,0,35715.957,81548.008,2,39,11,88.38868,1172.3622,26.544001,15
2252015081,0,0,0,16213.164,14729.876,2,62,0,9173.3115,2366.8037,136,15
2252015111,0,1,0,10338.83,7971.2109,2,41,3,10937.502,1650.1388,12.25,15
2252015151,0,0,0,5169.415,3757.1858,2,39,6,35.833248,216.80891,5.0125999,15
2252015161,0,0,1,9492.9258,13449.018,2,70,0,1123.9695,933.47388,40,15
2252015181,0,0,0,3524.6011,,2,43,15,32894.922,7694.0132,170,15
2252015191,0,1,0,21147.605,68312.469,2,41,2,6374.7349,8631.6494,109,15
2252026021,1,1,1,6344.2817,13192.846,2,37,9,487.33215,6189.0166,23,26
2252026031,1,1,1,7049.2021,15242.22,2,58,2,1481.1075,1650.1388,24.0648,26
2252026051,1,0,0,3656.1863,11100.776,2,81,0,8779.1455,2545.97,21.5,26
2252026061,1,1,1,8694.0156,8197.4961,2,38,1,1410.6355,2056.249,8.5450001,26
2252026071,1,1,1,12218.616,15178.177,2,68,10,947.1922,5830.6846,25.25,26
2252026091,1,0,0,8459.042,8184.688,2,41,0,561.38757,730.41882,3,26
2252026111,1,1,1,6579.2554,5196.0171,2,76,0,2006.6619,3105.5481,53.034,26
2252026131,1,0,0,8440.2441,6831.2466,2,33,3,8375.4248,716.66498,3.5,26
2252026141,1,1,1,11673.479,23482.41,2,39,3,346.38806,418.05457,5,26
2252026151,1,0,0,4925.0425,10161.479,2,70,0,95.555328,895.83118,10,26
2252026161,1,1,1,12218.616,11485.034,2,41,6,189.91621,3177.2146,20,26
2252026201,1,1,1,9022.9785,9606.4404,2,52,14,7524.9819,895.83118,56.548,26
2252027011,0,1,0,22933.404,14004.057,2,50,8,223.36058,776.38702,15.0512,27
2252027021,0,1,0,4229.521,9905.3076,2,42,1,394.16571,2353.0498,14.21,27
2252027041,0,1,0,5488.9785,8709.8398,2,73,0,1284.0247,3822.2131,55,27
2252027071,0,1,0,8928.9893,13662.493,2,62,3,2030.5507,991.38654,43,27
2252027101,0,0,0,6579.2554,7258.2002,2,63,2,1373.6078,2185.8281,8.5,27
2252027111,0,0,1,8224.0684,8539.0586,2,50,0,2675.5491,4299.9897,13.5,27
2252027131,0,1,0,34306.117,19639.836,2,63,13,45185.727,11944.416,36.550999,27
2252027141,1,1,1,33366.223,124670.26,2,80,2,26233.52,6449.9844,151,27
2252027151,1,1,1,15038.298,23482.41,2,55,7,6963.5942,3165.2703,44.16,27
2252027171,0,1,0,17059.068,23268.934,2,47,7,8026.6475,4240.2676,38.299999,27
2252027181,0,1,0,6344.2817,12808.588,2,83,0,1281.6359,1552.774,25,27
2252027191,0,1,0,20090.225,21774.6,2,44,2,871.94238,4419.4341,54.5,27
2252028021,0,1,0,32896.273,22628.504,2,48,13,38502.824,7524.9819,180,28
2252028071,0,1,0,12923.536,19639.836,2,63,3,12825.914,1194.4415,71.5,28
2252028081,0,1,0,7909.2041,29344.477,2,61,0,1166.9695,4897.2104,38,28
2252028091,0,1,0,61093.082,67885.516,2,44,9,5205.3765,6449.9844,160.562,28
2252028101,0,1,0,6109.3081,6276.208,2,53,2,204.84673,418.05457,50.027,28
2252028121,0,1,0,5404.3882,0,2,34,5,155.2774,1552.774,10.0605,28
2252028122,,,,,,,,,,,,
2252028131,0,1,0,7989.0952,16950.031,2,45,6,1391.5244,597.22076,16.5,28
2252028141,0,1,0,16918.084,20920.693,2,49,11,9239.0059,716.66498,49.029999,28
2252029011,1,1,1,35715.957,58919.504,2,69,0,3356.3809,5900.5415,54,29
2252029031,1,0,0,13158.511,4154.252,2,66,0,465.83221,549.44312,26.5,29
2252029041,1,0,0,12923.536,3244.842,2,38,6,2303.4805,3105.5481,33,29
2252029051,1,1,1,25847.072,52515.211,2,52,0,3329.5059,3008.7983,45.75,29
2252029061,1,0,0,3007.6594,2074.9912,2,54,6,652.1651,961.52545,16.299999,29
2252029071,1,1,1,3994.5476,8709.8398,2,34,5,3792.3521,3083.2856,15,29
2252029081,1,0,0,5488.9785,5669.9351,2,57,0,898.22009,4276.1011,12.75,29
2252029091,1,1,1,8750.4092,34011.07,2,45,16,22604.807,5171.9321,104.5,29
2252029101,1,0,0,4934.4414,9072.75,2,48,13,12183.304,9674.9766,6.4372001,29
2252029141,1,1,1,11513.697,7855.9336,2,50,0,274.72156,1445.2743,16,29
2252029151,1,0,0,19192.627,28302.711,2,55,0,11669.694,4419.4341,160,29
2252029161,1,1,1,16918.084,21603.818,2,59,0,1207.5804,1672.2183,31,29
2252030021,1,0,0,6330.1831,8936.125,2,55,6,214.99948,2149.9949,105.764,30
2252030031,1,0,0,4323.5107,4483.0059,2,55,6,88.38868,680.83173,12.25,30
2252030041,1,0,0,7067.9995,4952.6538,2,59,0,2329.1611,3463.8806,15,30
2252030051,1,0,0,16448.137,14943.353,2,51,9,859.99792,1373.6078,2.5,30
2252030061,1,1,1,12688.563,20493.74,2,53,2,2878.6042,955.55328,6.8099999,30
2252030081,1,0,0,10338.83,5336.9116,2,65,0,1077.3864,1230.2748,7,30
2252030091,1,1,1,6203.2979,8368.2773,2,22,5,328.47144,1433.33,12.5,30
2352036011,1,1,1,23967.287,8539.0586,2,41,2,179.16624,4801.6553,31,36
2352036021,1,1,1,5639.3613,9734.5273,2,54,6,862.98407,4299.9897,58.5,36
2352036041,1,1,1,5249.3057,10878.76,2,64,2,214.99948,1499.0242,22,36
2352036051,1,1,1,0,7685.1528,2,65,4,95.555328,537.49872,86.050003,36
2352036061,1,1,1,15038.298,17133.621,2,84,0,566.16528,1313.8857,148,36
2352036081,1,1,1,1334.6489,7685.1528,2,62,1,8212.3828,2806.9377,78.2668,36
2352036091,1,1,1,6330.1831,8197.4961,2,39,11,871.94238,597.22076,16.75,36
2352036101,1,1,1,13355.889,5695.5513,2,36,6,7461.6768,1576.6628,133.5,36
2352036111,1,1,1,5836.7393,6963.603,2,59,3,662.9151,1970.8286,74,36
2352036121,1,1,1,5681.6567,5896.2207,2,67,3,510.62378,1827.4956,73.760735,36
2352036131,1,0,0,8750.4092,10199.905,2,48,7,23.888832,2687.4937,30.045,36
2352036141,1,1,1,8834.999,8709.8398,2,48,18,193.49954,119.44416,17.27,36
2352037011,0,1,0,1682.4095,10246.87,2,51,0,220.97169,14518.009,73,37
2352037031,0,1,0,14098.404,8709.8398,2,48,6,1035.5808,2771.1045,36.5,37
2352037041,0,1,0,7049.2021,11100.776,2,39,11,9937.7539,11466.64,84.010735,37
2352037061,0,1,0,4666.5718,15737.485,2,50,6,895.83118,2544.1606,86.036003,37
2352037071,0,1,0,1348.7473,8743.9961,2,58,2,155.2774,358.33249,58,37
2352037081,1,1,1,18736.777,25617.176,2,39,0,1295.9691,25680.494,64.108002,37
2352037091,0,1,0,5733.3511,4995.3491,2,60,2,447.91559,1875.2733,30.5,37
2352037101,0,1,0,4746.4629,1067.3823,2,81,0,191.11066,0,15.25,37
2352037121,0,1,0,5004.9336,5507.6929,2,56,3,284.2771,3881.9351,50,37
2352037141,0,1,0,54983.773,53796.07,2,39,16,25610.021,9197.2002,268.03149,37
2352037151,0,1,0,4746.4629,4726.3691,2,44,12,238.88832,0,13,37
2352037161,0,1,0,25029.363,38980.801,2,42,3,7816.4258,3165.2703,128.12,37
2352038011,1,0,0,2913.6702,9392.9648,2,71,0,1719.9958,1851.3844,15.37,38
2352038021,1,1,1,15038.298,14089.447,2,56,7,11770.027,12111.638,14,38
2352038061,1,1,1,15508.243,23268.934,2,85,2,818.1925,5255.543,57,38
2352038091,1,1,1,14140.698,23482.41,2,59,6,14022.744,13019.413,117.5,38
2352038101,1,1,1,6109.3081,8112.1055,2,43,13,214.99948,119.44416,18.08,38
2352038121,1,1,1,14803.324,10246.87,2,32,14,698.74835,3439.2109,4.75,38
2352038141,1,1,1,3501.1035,3044.1746,2,49,3,871.94238,2722.5459,35,38
2352038151,1,0,0,4229.521,8743.9961,2,45,7,107.49974,3319.7668,50.25,38
2352038161,1,1,1,13158.511,16651.164,2,48,16,741.74823,4275.3198,44.523998,38
2352038171,1,0,0,7049.2021,6404.2939,2,73,4,2789.6184,3344.4365,40,38
2352038181,1,1,1,7519.1489,14943.353,2,73,0,7605.0098,1289.9969,82,38
2352038191,1,1,1,5836.7393,6963.603,2,35,5,1069.6224,2245.5503,22.087799,38
2352039011,0,0,1,11866.156,32021.469,2,39,14,931.66443,5478.4287,55.012798,39
2352039021,0,1,0,12218.616,24336.318,2,60,9,1289.9969,4897.2104,105,39
2352039031,0,1,0,3407.1143,2591.6042,2,40,11,383.41574,836.10913,69.25,39
2352039041,0,1,0,9022.9785,10041.934,2,71,3,985.41431,286.66599,58.119999,39
2352039051,0,0,0,7909.2041,13115.994,2,59,6,101.52753,788.33142,62,39
2352039061,0,1,0,4746.4629,14153.489,2,56,6,825.95636,0,37.5,39
2352039071,0,1,0,4793.457,7685.1528,2,57,0,976.45599,119.44416,93,39
2352039081,0,1,0,8012.5928,19114.684,2,48,0,1146.6639,1504.9963,41.119999,39
2352039101,0,1,0,7002.207,14409.662,2,53,2,1882.4399,2627.7715,60,39
2352039111,0,1,0,14140.698,13598.451,2,61,4,340.41586,2687.4937,102.25,39
2352039121,0,1,0,5691.0552,6314.6338,2,64,0,146.31909,1600.5518,63,39
2352039141,0,1,0,28271.998,33549.965,2,51,11,9022.8115,4897.2104,130.075,39
2352040011,0,0,0,5780.3452,9563.7451,2,56,2,12.541636,2090.2727,22.120001,40
2352040021,0,0,0,2758.5876,7155.7314,2,46,4,214.99948,2030.5507,23,40
2352040031,0,0,0,4008.6465,7706.5,2,76,3,1349.719,1313.8857,22.0012,40
2352040041,0,0,0,3759.5745,2365.3193,2,52,16,117.05527,2866.6599,17.1,40
2352040061,0,0,0,4755.8613,3142.3735,2,58,0,406.11014,656.94287,23,40
2352040071,0,0,0,2580.0078,1554.1088,2,80,0,521.97095,955.55328,3,40
2352040081,0,0,0,25377.127,44744.668,2,43,9,22546.279,5972.208,38.007999,40
2352040091,0,0,0,21617.553,14742.686,2,55,7,17403.014,20424.951,135.25,40
2352040111,0,0,0,3571.5955,7971.2109,2,72,4,3729.0466,3308.6033,66,40
2352040121,0,0,0,3252.0315,6737.3164,2,27,6,95.555328,322.49924,38.25,40
2352040131,0,0,0,0,18188.195,2,38,8,7418.6768,28069.377,60.5,40
2352040141,0,0,0,13158.511,4589.7441,2,88,0,95.555328,2090.2727,63.25,40
2402046011,0,0,0,4995.5342,2591.6042,2,28,8,90.180336,2806.9377,8.5,46
2402046051,0,0,0,1348.7473,4145.7129,2,58,3,453.88779,0,60,46
2402046061,0,1,0,7519.1489,14255.958,2,46,4,263.97159,2866.6599,20.5,46
2402046081,0,1,0,6203.2979,5336.9116,2,49,4,200.66618,859.99792,26,46
2402046111,0,0,0,10808.776,8043.7935,2,70,0,1062.4558,609.16522,34.5,46
2402046131,0,0,1,3360.1196,33088.852,2,58,14,18971.912,17080.514,169.08099,46
2402046141,0,1,0,11673.479,17334.289,2,38,6,1074.9974,1134.7195,40.25,46
2402046151,0,0,0,7519.1489,5247.2515,2,56,4,1298.358,1194.4415,22,46
2402046161,0,1,0,8750.4092,16190.056,2,51,3,999.74762,1134.7195,72.75,46
2402046171,0,1,0,5286.9014,9392.9648,2,33,6,3062.5481,2818.8821,100.25,46
2402046181,0,1,0,7989.0952,32875.375,2,67,15,14717.909,5088.3213,48.32,46
2402046191,0,1,0,3759.5745,27965.416,2,55,4,3146.1592,1528.8853,52.25,46
2402047011,1,0,0,8459.042,10759.214,2,35,7,925.6922,656.94287,50.5,47
2402047021,1,0,0,19192.627,32738.752,2,52,4,686.80389,597.22076,128.0056,47
2402047031,1,1,1,18680.385,11100.776,2,40,6,120.6386,7166.6494,39,47
2402047041,1,0,0,12806.05,28610.113,2,41,2,14148.16,3762.491,117,47
2402047051,1,0,0,16269.559,21859.99,2,53,15,119.44416,2185.8281,120.07285,47
2402047061,1,1,1,19972.738,19823.424,2,60,0,1593.385,7763.8701,60,47
2402047081,1,0,0,9760.7949,2975.8616,2,40,5,32.249924,119.44416,17,47
2402047101,1,1,1,23497.34,29246.275,2,64,3,7978.8696,13855.522,209,47
2402047111,1,1,1,15038.298,25262.805,2,51,0,160.05518,2030.5507,150.0098,47
2402047121,1,0,0,11513.697,14729.876,2,89,0,4288.0454,477.77664,45,47
2402047141,1,0,0,14587.147,9606.4404,2,51,11,274.12433,6951.6499,84.042503,47
2402047151,1,0,0,5836.7393,6545.1885,2,38,3,5.972208,2508.3274,25,47
2402048011,1,1,1,2641.1011,5550.3882,2,52,4,179.16624,1731.9403,92,48
2402048021,1,1,1,8694.0156,13598.451,2,38,6,3399.978,4061.1013,35.075001,48
2402048031,1,1,1,5639.3613,24519.906,2,48,2,600.20691,3224.9922,83.449997,48
2402048041,1,1,1,12218.616,41158.262,2,44,1,8468.5908,12302.748,298,48
2402048051,1,1,1,7519.1489,8517.7109,2,32,16,7481.9819,8576.0908,35.240002,48
2402048061,1,1,1,4826.3535,8197.4961,2,51,6,2632.5493,418.05457,25,48
2402048071,1,1,1,13355.889,8966.0117,2,37,4,437.16562,1970.8286,213,48
2402048081,1,0,0,5836.7393,15707.598,2,57,3,10546.322,1791.6624,108.75,48
2402048091,1,1,1,17505.518,18299.201,2,40,0,564.97089,3941.6572,36.240002,48
2402048101,1,1,1,11805.063,26898.035,2,32,6,408.49902,214.99948,68,48
2402048111,1,1,1,15038.298,30313.658,2,78,0,8994.1455,3224.9922,170.03,48
2402048121,1,1,1,6330.1831,8325.582,2,39,0,274.72156,1923.0509,44,48
2402049011,0,1,0,82710.641,83682.773,2,77,5,20262.508,2030.5507,300.12,49
2402049021,0,1,0,11278.723,16651.164,2,32,7,813.41473,2508.3274,100,49
2402049031,0,1,0,12904.738,25617.176,2,36,9,8805.4229,1791.6624,175,49
2402049051,0,1,0,0,20920.693,2,42,11,10471.669,6569.4287,231.036,49
2402049061,0,0,0,0,2591.6042,2,53,16,6987.4834,2986.104,414,49
2402049071,0,1,0,22557.445,39279.672,2,49,16,15669.879,6844.1504,620.07001,49
2402049081,0,1,0,13111.516,14802.459,2,66,0,679.63727,1313.8857,75,49
2402049091,0,1,0,41355.32,1554.1088,2,44,16,15175.38,11581.306,692.03003,49
2402049111,0,1,0,25847.072,93929.641,2,77,11,24426.33,9794.4209,590.03003,49
2402049121,0,1,0,30076.596,20493.74,2,41,11,9799.1982,9316.6445,297.06,49
2402049131,0,1,0,16213.164,8539.0586,2,66,0,720.24829,3623.3853,128,49
2402049141,0,1,0,4581.9814,25190.223,2,76,3,513.60986,5508.9727,35,49
2402050011,1,1,1,9337.8428,10246.87,2,47,3,8270.3135,2711.3823,230,50
2402050031,1,1,1,16918.084,16224.211,2,63,0,9919.8369,537.49872,90,50
2402050041,1,0,0,25847.072,14516.4,2,45,17,9320.2275,6449.9844,28.5,50
2402050051,1,0,0,18327.926,27751.939,2,49,8,11000.807,1612.4961,62.550999,50
2402050061,1,1,1,23497.34,3202.147,2,46,11,710.69275,4359.7119,210,50
2402050071,1,1,1,39475.531,78986.297,2,54,10,18251.066,27690.5,130,50
2402050081,1,1,1,14168.896,23909.365,2,50,6,2183.4392,1911.1066,37,50
2402050091,1,0,0,7284.1753,12099.847,2,62,3,11480.973,11478.584,20.01,50
2402050121,1,0,0,4464.4946,18572.453,2,56,16,378.63797,955.55328,28.129601,50
2402050131,1,1,1,4699.4678,13662.493,2,56,0,5040.5435,8233.7168,93,50
2402050151,1,1,1,51694.145,98199.18,2,55,2,10976.918,17012.863,154,50
2402050171,1,0,0,8694.0156,5678.4741,2,39,6,7073.4829,8950.3818,20,50
2402051011,0,1,0,15508.243,15370.306,2,59,6,1015.2753,9308.7148,228.075,51
2402051021,0,0,0,62032.973,69166.375,2,59,6,20448.84,17669.805,391.0567,51
2402051031,0,0,0,25847.072,6660.4658,2,70,0,809.83142,14253.703,85,51
2402051041,0,1,0,16448.137,24336.318,2,65,4,160.05518,14504.535,86,51
2402051051,0,1,0,8106.582,11527.729,2,48,5,262.77716,13668.427,150.12,51
2402051071,0,1,0,20875.035,34971.715,2,54,5,7972.8975,12175.374,72.25,51
2402051081,0,0,0,10338.83,8112.1055,2,28,11,134.97189,10371.768,3.5,51
2402051091,0,1,0,13158.511,20066.787,2,61,13,1743.8848,11219.821,121.01,51
2402051121,0,1,0,13158.511,16224.211,2,62,3,1385.9105,10389.685,73.5,51
2402051141,0,0,0,30076.596,14089.447,2,56,6,2128.4949,12951.762,26.5,51
2402051151,0,0,0,6677.9443,8966.0117,2,44,1,1888.4121,8472.6055,24.620001,51
2402051161,0,0,0,20752.85,5050.8535,2,46,9,8811.3955,106416.81,1172,51
2452001011,0,0,0,54513.828,19639.836,2,73,4,22909.389,7048.3999,213.5,1
2452001031,0,1,0,7613.1377,22201.553,2,44,9,13998.855,4419.4341,6,1
2452001051,0,0,0,15743.218,16651.164,2,55,4,137.95801,597.22076,2,1
2452001061,0,0,0,15038.298,26641.863,2,55,4,7047.2056,6270.8184,16.5,1
2452001071,0,1,0,35011.035,47818.73,2,85,0,38687.961,4538.8779,116,1
2452001081,0,0,0,5827.3403,8539.0586,2,43,5,39.416573,1242.2192,0.5,1
2452001091,0,0,0,10667.792,14729.876,2,55,9,10600.908,1791.6624,24.020603,1
2452001111,0,0,0,34776.063,24677.879,2,62,0,81771.469,11034.099,36,1
2452001131,0,1,0,11513.697,13235.541,2,49,5,53779.73,15214.644,49,1
2452001151,0,0,0,7519.1489,8709.8398,2,55,0,465.83221,5778.5557,10.0602,1
2452001161,0,1,0,12923.536,8966.0117,2,36,9,9305.8945,5874.1108,10.5,1
2452002011,1,1,1,16448.137,27495.768,2,54,6,16109.434,9003.5479,41.009998,2
2452002031,1,0,0,11748.67,14089.447,2,60,3,,6972.9971,6.5,2
2452002041,1,1,1,8623.5234,17334.289,2,64,2,59.72208,6906.1084,11.5,2
2452002071,1,0,0,9986.3691,7514.3716,2,72,0,4211.6011,13124.371,8,2
2452002081,1,0,0,47934.574,17932.023,2,47,1,516.59601,6447.4429,11,2
2452002091,1,0,0,22416.463,11783.901,2,63,2,7618.8652,8346.6045,5.5447998,2
2452002121,1,0,0,10338.83,,2,58,16,17116.348,9015.4922,3.5,2
2452002141,1,0,0,19173.828,23482.41,2,57,6,453.88779,7211.8853,78.425697,2
2452002151,1,0,0,12923.536,20493.74,2,56,2,322.49924,8131.6055,9.0360003,2
2452003021,1,1,1,8459.042,11741.205,2,63,0,15217.186,4658.3223,22,3
2452003031,1,0,0,7049.2021,12808.588,2,57,7,7238.3159,5613.8755,28.5,3
2452003041,1,0,0,14098.404,2489.1355,2,41,3,650.97064,119.44416,7.5,3
2452003051,1,1,1,14098.404,3074.061,2,54,2,6415.3457,16017.462,26,3
2452003061,1,1,1,17153.059,15370.306,2,58,0,13178.274,4741.9331,26,3
2452003071,1,1,1,27256.914,32875.375,2,66,6,7680.2593,4574.7114,10,3
2452003081,1,1,1,13722.446,16224.211,2,80,6,9316.6445,34136.957,35.5,3
2452003091,1,1,1,13722.446,18102.805,2,65,0,3204.6868,4831.333,20,3
2452003101,1,1,1,26786.967,7898.6289,2,51,12,11695.972,13771.729,30,3
2452003111,1,1,1,0,17291.594,2,47,6,22808.459,7142.5776,20.25,3
2452003121,1,1,1,19737.766,30740.611,2,77,3,6952.8442,3499.5308,14.5,3
2452003131,1,0,0,9868.8828,4726.3691,2,70,0,45.388779,2269.2559,34.035,3
2452004031,0,0,0,11513.697,11100.776,2,57,0,203.05507,1940.7844,3,4
2452004041,0,1,0,77541.219,77278.477,2,74,2,11383.028,11203.679,66.004295,4
2452004051,0,0,0,8459.042,20493.74,2,36,6,1887.2177,3021.7542,13.25,4
2452004061,0,1,0,17857.979,25190.223,2,45,0,1086.9419,5828.6919,12.5,4
2452004081,0,1,0,64617.684,66391.18,2,39,6,40036.488,35510.566,170.045,4
2452004131,0,1,0,24437.232,42695.293,2,42,4,3207.0757,1409.2579,19.5,4
2452004141,0,1,0,0,18145.5,2,32,14,441.94339,3439.8086,14.018,4
2452004161,0,1,0,18233.936,26471.082,2,68,2,9627.1992,14452.743,37.75,4
2452005011,1,1,1,10338.83,13235.541,2,56,1,15152.208,1481.1075,20.25,5
2452005021,1,0,0,11278.723,16907.336,2,39,8,177.9718,2627.7715,8,5
2452005031,1,1,1,15508.243,15442.888,2,58,16,10401.197,6509.7065,9.5,5
2452005041,1,0,0,9145.1641,18785.93,2,59,5,555.41534,1672.2183,10.5,5
2452005051,1,0,0,3007.6594,3889.5413,2,35,7,476.58218,0,6,5
2452005061,1,0,0,4041.5422,13619.799,2,75,2,728.60938,597.22076,4.5,5
2452005081,1,0,0,5944.8267,27324.986,2,85,1,5475.3203,11942.046,17,5
2452005082,,,,,,,,,,,,
2452005091,1,0,0,0,6049.9233,2,56,3,626.48462,13697.875,21,5
2452005101,1,0,0,7895.1064,13235.541,2,46,0,238.88832,11906.213,1.75,5
2452005111,1,0,0,6344.2817,5977.3413,2,67,2,8078.0083,788.33142,3,5
2602001171,0,0,0,13158.511,30484.439,2,56,2,1397.4967,2090.2727,8.75,1
